2,7728899406,Malachi Cohan,9059895541,404 Cardinal Pass
2,3293438857,Anthiathia Duncan,5428039631,5884 Rutledge Crossing
1,6320355832,Ferdie Pavlik,9539410327,3 Green Drive
2,1586239201,Rosanne Baleine,2317694612,39314 Steensland Court
1,1603735666,Maurene Gold,7963647239,26 Pawling Way
3,7774884874,Cleve Falkus,8612528169,29 Bonner Park
3,4851788339,Ariel O'Scollee,8203888917,533 Almo Street
3,8454421483,Flossy Greiser,4917806667,311 Farragut Pass
2,5873902607,Sophi Oades,1978756657,75 Bartelt Parkway
1,0240394194,Amelita Acomb,7833259940,95092 Bellgrove Terrace
2,0821735799,Kev Deacock,5587731773,6266 Comanche Avenue
1,2759715884,Cthrine Pettingill,9152655781,59 Oneill Place
1,4145054008,Alford Slyman,1642820081,46 Sage Road
3,2335416464,Pavel Borwick,4439463800,56 Mccormick Pass
1,5429713910,Salvador Rapp,3624941727,11437 Bunting Trail
2,6128448844,Lanette Dmitrovic,9827513148,1 Boyd Trail
2,9161412546,Wang Cejka,7775203667,36180 International Point
2,6788435944,Fairfax Lytle,8672885678,5337 Stephen Place
1,8775681803,Marja Collip,3663486640,91666 Grayhawk Court
3,1860573681,Oran Lees,2243023893,1 Golf View Avenue
1,2114080161,Trey Gronaver,3464533860,6 Grasskamp Avenue
2,2996219724,Jase Strowther,5335663957,1629 Hintze Hill
3,1106492439,Lane Vivash,4414728937,382 Autumn Leaf Hill
2,5513515296,Hastings Trittam,5903519968,35861 Morrow Hill
1,9022401936,Morgen Fiddymont,4909520576,86 Prairie Rose Center
2,3025290986,Mariann Demann,8991129269,5340 Hoard Center
3,4326723459,Tremain Hurren,3955135109,21 Parkside Lane
2,2312714256,Umberto Boylund,9198409584,7 Spaight Avenue
1,6924149030,Melony Bloss,7355550963,1 Dorton Park
1,0402509587,Ingrid MacConchie,3728959278,4 Walton Way
3,4659532593,Goddart Shuttle,8015336370,5943 Jenna Way
3,5938310296,Guthrey Oguz,4613611417,5 Blackbird Alley
3,7324938957,Charlean Coots,4521758203,763 Walton Drive
2,2035555817,Felicio Hawkeridge,8912323096,5883 Pond Park
2,3895526371,Mickie Nestle,8412834468,7628 Lighthouse Bay Court
1,3681241457,Miles Handforth,7055911948,1003 Pierstorff Pass
2,5529295096,Fraze McLaughlan,1404142663,188 Anniversary Road
2,5208394928,Sascha Attarge,9667782493,155 Sloan Plaza
1,0877488177,Stacee Izzett,8012042334,08818 Washington Pass
2,3217396499,Merola Badder,1026352337,37 Fordem Street
2,7339828168,Euell Whyffen,5012151228,07442 Straubel Road
3,8037748766,Geoffry Szepe,2612068905,0271 Express Alley
2,2129896863,Ailbert Findlater,4156062911,4 Westend Point
2,2713925509,Livvyy Sheward,9796031053,37 Anthes Trail
1,4247336541,Jared Wilkinson,4604137126,76 Northfield Avenue
3,1731376278,Randall Franey,9833653232,0 Sage Lane
2,4134810612,Willard Ridger,8038722729,74 Saint Paul Trail
3,3621070230,Kelli Gloves,7793155925,39044 Garrison Park
2,1328652351,Georgetta Sarsfield,4033259831,4421 David Way
3,5914599520,Yvor Worland,1942247314,4170 Westend Place
2,7379642138,Ahmed Haversum,6562323489,96691 Petterle Junction
1,8774011065,Lenee Noulton,2935577284,0150 Mccormick Drive
2,3066655008,Kiele Horney,4201075449,41623 Toban Place
1,9584768425,Athena Nuss,1565583945,13956 Buell Way
2,7691522053,Malinda Olivella,5155698223,982 Fulton Plaza
3,2146051191,Jenica Campaigne,9922877026,86 Marquette Pass
2,5966626715,Cyrus Goublier,6382073570,96 Morrow Road
2,0866206108,Nerti Mengue,9194359366,45 Maryland Pass
2,3812594722,Karl Misselbrook,5754747816,8 Grasskamp Alley
2,4156743039,Karry Fitzmaurice,1879550117,92 Milwaukee Point
2,9995439867,Neall Larrington,3162633847,34756 Stephen Park
1,3718299755,Toddie Withrop,2904918746,7801 Emmet Court
1,1713620588,Dagny Dobell,4695650113,99 Huxley Center
3,1082839108,Oates Coxhead,3742425769,36003 Stoughton Court
3,8040828953,Willy Hay,7006092264,761 Derek Center
1,8605804955,Inger Eaden,8858739013,2 Lighthouse Bay Pass
2,9721394998,Jean Janicijevic,7388023737,4472 Harbort Place
2,4501351225,Shelden Fursey,5655951476,3 Oakridge Plaza
2,8410045206,Lisbeth Quin,7121128457,6898 Lighthouse Bay Street
1,7844322950,Jessamyn Lilleman,5118778175,15602 Scofield Terrace
3,7939427237,Bord Domoney,1601373700,58732 Manitowish Hill
3,2308800593,Stillmann Erskine,2798428595,31 Ilene Crossing
1,3091784037,Armand Farries,3655233088,25 Oak Valley Place
1,7884711494,Kiersten Colicot,5862913849,897 Amoth Road
2,5471806506,Ignaz MacCahey,1194560349,4 Farmco Road
1,6890258215,Shoshanna Greenstock,8506239393,3 Columbus Parkway
3,4181214443,Jodee Whiff,4514148976,7 Memorial Hill
1,2217171291,Heidie Dowson,4667615607,02 Northport Place
1,6244471105,Corabel Summers,7283943584,48483 Sloan Trail
1,4072466042,Karmen Esmead,6399885972,73739 Talisman Circle
3,6970861732,Claudelle Bresnahan,6593355891,8 Ridgeway Place
2,4750944831,Octavius Mohammad,2953059078,57 Westridge Hill
3,1320828817,Clareta Biesinger,6307155619,0 Reinke Way
2,7019958311,Randie Eales,4739092734,5466 Garrison Plaza
3,4978098327,Aubrey Ambrosini,7178184422,4816 Cascade Circle
1,5185842377,Brucie Dowthwaite,9352087133,4254 Kinsman Hill
1,8284487756,Gregory Teasell,5385706648,62 Hazelcrest Park
3,6493183677,Ange Milam,8527317441,421 Kipling Way
2,8352596330,Kattie Hoxey,4682908161,0 Saint Paul Park
3,3455598951,Giacopo Everill,4737592501,690 Eastwood Alley
3,9892553438,Bartholomeus Whyler,5278126292,25018 Golf Course Drive
2,2934362345,Rivi McClory,9189018876,0 Del Mar Place
3,4719232566,Chicky Sellens,6621441149,3605 Basil Lane
2,5597775375,Kaiser Estcourt,2091698434,2 Cascade Trail
1,7638243986,Langston Gallear,4862363505,26 Porter Point
1,1448685737,Fannie Week,7396739888,62876 Northridge Crossing
2,7343591851,Gnni Whittles,2013691915,810 Northview Way
1,5399882299,Porter Lozano,1034959652,97 Graceland Drive
3,0052313832,Goddard Staples,7635328890,1 Sugar Crossing
1,7728067281,Adriaens Joist,2665131372,8702 Crescent Oaks Drive
1,9816668432,Giles Danbury,2257562433,112 Hooker Street
3,2665786931,Neda MacGovern,9535091214,323 Lakewood Gardens Point
3,6854949890,Phineas Gregoretti,3706097202,428 Harbort Avenue
2,8671124614,Gamaliel Renzini,8414919191,090 Summit Park
1,7502918957,Veronika Cranstoun,4227184398,509 Northwestern Center
2,6077292893,Walt Gimert,4261262882,6994 Morningstar Center
3,7846395416,Heather Mayhead,4515151383,8618 Superior Hill
1,3105643567,Rivy Ramel,9465841867,63 Texas Parkway
1,5985446514,Catina Strewther,9086433429,9 Scott Pass
2,5226392826,Eamon Verling,5899541375,0 Welch Drive
3,0374590877,Robina Marchetti,1118315725,38680 Raven Circle
3,0906630347,Hussein Samber,4843603983,6 Golden Leaf Pass
2,9569079479,Tanney Enevoldsen,5909918081,988 Clarendon Lane
2,6824584525,Kort Oldis,6822201582,06339 6th Point
1,9122398562,Stanford Stansbie,7452576117,6 Shoshone Plaza
1,0883986167,Heriberto McSaul,1002499811,6724 Colorado Park
2,1128423820,Farrand Cogin,8175347010,7 Manufacturers Alley
1,7968003628,Ebba Chessum,7568712933,55 Barnett Pass
3,5332571623,Sancho Beadle,9057938406,278 Elka Street
3,1652579982,Yorke Maleney,9547492127,0 Corben Plaza
2,3924218463,Louella Lamont,5744736040,00645 Havey Point
1,9658452329,Goddard Copland,9418395377,57423 Anderson Circle
2,2260492010,Lindsay Borges,9845252980,15828 Bowman Drive
3,6205750287,Alva Milliere,9197595948,3 Schlimgen Crossing
1,3936470197,Shani Dalgliesh,6002583114,82 Sachs Street
2,6253641808,Teirtza Rickasse,2879152966,25064 Scoville Street
1,5132772625,Margeaux Van Der Weedenburg,7518446209,153 La Follette Avenue
2,7338457743,Cazzie Muneely,6086591672,86 Manitowish Pass
1,8622348830,Remington Barney,7658597696,05 Granby Crossing
3,4051465322,Jolene Harbach,1869321795,5908 Rieder Pass
1,3179705361,Randal Bickerdike,6214693337,467 Springview Trail
3,3006542053,Moyra Pepler,5113434503,357 Logan Hill
2,0950967319,Gayla Goodlud,6311529792,56568 Summer Ridge Parkway
3,7504215341,Shandee Jackalin,5481038382,4379 Trailsway Center
3,7905995534,Danila Fiddeman,2025346269,02427 Thierer Terrace
1,9701831721,Misty Beglin,6997004612,040 Evergreen Parkway
3,6160438581,Madonna Floris,5002242514,38258 Haas Trail
2,5921882704,Kenna D'Aubney,1255896997,6 Victoria Drive
2,2344056610,Ernst Spight,8135287372,43 Jana Street
3,4406957855,Aila Pierri,6043799751,17 Gateway Alley
3,6513376564,Sigismondo Vaz,4984208663,41 Starling Point
3,7169612984,June Rau,6223648926,6633 Eagan Crossing
1,7817169411,Francois Littlewood,5172829084,00 Hermina Avenue
1,6577933332,Neal Perrie,5027024943,6338 Prairie Rose Point
1,8555061989,Ryun Kincey,9678257562,18253 Mayfield Junction
3,9372437476,Griswold Polleye,4404973012,8 Fordem Court
2,2187947211,Ryon Insull,4696504591,7366 Eastlawn Point
1,9525675319,Stuart Hansen,7402607328,6 Wayridge Alley
3,5261588286,Zelig Mallord,4476321210,22 Sunbrook Junction
2,4248877295,Grover New,8986065147,4146 Di Loreto Way
3,7733705185,Godfree Euels,5044454230,82 Pearson Junction
1,8322478135,Daphene Jakubovicz,5851163475,6 Upham Road
2,2041360674,Deeyn Rusling,3719601881,70 Lake View Way
3,7665622739,Morley Bisset,2399286054,148 Logan Park
2,2924099161,Leelah Coaker,2989085728,46 Rusk Road
2,1653501391,Deloria Rawlcliffe,2594730674,64 Mesta Junction
3,5863532742,Brandyn Creek,8312906445,06504 Sommers Junction
3,4135982778,Franky Slixby,6809034742,2431 Canary Point
1,5842190133,Estell Stronach,7554350637,8376 Arkansas Crossing
1,1069768057,Wilbert Di Ruggero,5171493215,76252 Hanson Parkway
2,5600880715,Tate Littlewood,7704202098,97 Service Lane
3,3091943054,Beatriz Gregor,4644546950,4185 Rigney Avenue
1,2611826005,Barbaraanne Rojas,6392251223,7 Pond Junction
3,9986840155,Inglebert Haker,2471997578,27 Schurz Trail
3,3070419402,Avie Seegar,1891419718,25 Schurz Drive
3,9197643254,Shayna McVrone,6986985940,4 Melody Junction
3,9447222773,Cornie Yearnes,5998578322,962 Coleman Plaza
3,9262856989,Wylma Held,9155945345,93105 Delladonna Court
3,5834721613,Rosella Eadmeads,9547201498,47 Utah Pass
2,5545269037,Malchy Passy,6215774162,35 Straubel Junction
2,8608773201,Karolina Wybourne,9113241882,05163 Killdeer Court
2,9755790365,Cynthea Calleja,3004932962,202 Alpine Court
2,1488759626,Gardner Bockh,3566175783,23616 Erie Drive
2,5866433516,Ilka Peat,4412909437,55 Mariners Cove Place
3,5517778062,Nico Stoller,6869223591,22 Browning Alley
1,3414726394,Eugene Myles,3528385917,9 Monterey Place
1,4350512462,Row Mably,1028443710,2 Haas Crossing
3,2102584291,Emelyne Advani,4444811310,7 Gulseth Court
1,3088297066,Layla Ellgood,1463204472,91 6th Park
3,7804597541,Libbi Meere,2108708949,155 Gale Circle
2,4858498298,Alisha Kyles,1656979717,2 David Street
1,0927367033,Bernita Keirle,3427169201,11981 Clove Road
3,2684199612,Esmaria Belly,8297382009,385 John Wall Avenue
1,8899924910,Emmey Wardroper,7287820255,33 Sunfield Pass
3,0886970105,Starlene Towsie,2155601029,83368 Mendota Center
3,3130651772,Auguste Conduit,8243496171,32723 Fremont Parkway
1,2650442190,Lolly Thor,7588324729,10 Sage Alley
2,2711305627,Arlyne Boother,5501928071,73 Ridgeview Center
3,8982035745,Bobby Dugget,2078197014,2 Beilfuss Drive
3,3563634688,Barthel Costelloe,3605171141,13348 Cardinal Center
3,7357833097,Nada Ingray,2266934266,94830 Bluestem Way
2,3541389508,Isaiah Cassel,4208914404,34 Buhler Center
1,8858983432,Netty Waith,1955542964,00446 Drewry Parkway
1,4067562861,Donielle Mercer,4074361025,37828 Gateway Alley
1,2439532142,Guilbert Easterfield,1628863744,03 Bunker Hill Circle
1,5125653179,Peggie Tunsley,5288654682,69 Sauthoff Crossing
3,5768739564,Rouvin Starmer,6398561651,0337 Memorial Street
1,8162431772,Myrtle Daws,3397111031,4224 Ridge Oak Trail
3,9302312372,Oona Florez,9384398041,1134 Coleman Crossing
1,8917545467,Leila Leschelle,1278500407,4 Walton Hill
2,9062217680,Ardath Cockshutt,5653535126,7066 Loeprich Place
3,5127916266,Wells Dance,5268095167,7 Grim Circle
1,5997088928,Kissee Crawley,2335898529,25418 Eastlawn Circle
1,6684951245,Alvan Burnip,8853125606,952 Buhler Point
3,9083074862,Erick Bromehead,9822905653,208 Oxford Junction
1,5607078590,Charlene Ormes,7095557461,07 Emmet Plaza
3,4102799990,Bartram Jewks,9816903924,8389 Village Plaza
3,1704512557,Wini Sang,4994889501,662 Hintze Circle
2,5513130920,Vi Gatesman,4264052018,87 Vermont Pass
1,7479499485,Mary Leupold,7925487619,413 Lindbergh Court
3,5743323674,Towny Wardall,6168975781,44 Chinook Center
3,8587367099,Madalena Bouette,9081952756,64587 Warbler Plaza
1,5303164217,Perry Iskowitz,1122838048,99299 Sundown Avenue
1,9043305103,Cass Saylor,1762381916,93177 Saint Paul Pass
3,7783213987,Stefania Brotherhead,3425655086,707 Stang Crossing
2,3630765394,Guillaume Wanderschek,1361822957,37992 Haas Place
1,3989889362,Audy Hartin,5463621592,840 Center Street
3,7519052362,Bart Frankland,8009254566,21240 Calypso Center
1,2826430815,Kiele Naisbet,4789979757,3504 Vera Street
1,2494495202,Mara Drescher,8598291252,16 Buhler Point
1,4538138282,Whitby Haldane,1925227449,0044 Utah Road
3,7563319441,Lance Maffey,5716380135,10032 Dixon Court
3,6304436696,Damiano Klimsch,5043005833,8 Oxford Trail
3,8172631545,Petronille Hawkes,6175307449,225 Shasta Point
2,6976409203,Megen Pepi,4661143423,7206 Saint Paul Junction
2,7517501992,Sallyanne Seccombe,3968792373,12279 Eliot Way
3,6651713086,Nikolos Dovey,9662767458,374 Monica Road
3,7155381691,Rita Shreeves,1132493518,18 Buell Trail
2,4530631931,Dona Kryszka,9995536003,43857 Mariners Cove Alley
2,2147628131,Bailie O'Gaven,1318470609,505 Bayside Trail
2,4254993277,Darrell Warrack,1084414542,54766 Maryland Circle
1,0962070440,Archambault Udey,6429405778,8440 Vermont Street
3,6491606988,Farra Cossom,9525035481,2329 Crescent Oaks Pass
1,4647213153,Giulio Caveill,6432012210,8 Golden Leaf Place
3,8450455561,Octavia Le Marquis,9426495389,85226 Morningstar Drive
1,8607292927,Nora Barney,4231724934,7366 Rutledge Alley
3,0800616243,Ibbie Dabs,4008460023,6 Ilene Park
2,9775704049,Mile Quinell,4292901696,69 Fieldstone Plaza
2,2532006609,Ilise MacMenamie,8696160133,9 Elmside Hill
1,1771181060,Elinore Monketon,3147253413,56861 Haas Circle
3,4913112031,Shaylah Paquet,5921181079,105 Lien Pass
3,6749926843,Marylynne Cruttenden,4844475051,98377 Myrtle Avenue
1,7642257643,Annabell Dagnan,2493256249,27 Coolidge Trail
1,7597853599,Sigismondo Blouet,9955362147,8038 Becker Trail
3,0195492579,Jocko Gomez,5106949300,7932 Corry Alley
1,0836443691,Adham Ovenell,4118583528,076 Glendale Pass
1,6721296888,Tasha Ferraretto,3261802036,626 Stoughton Parkway
2,2207606171,Dick Scrinage,8701207690,5338 Twin Pines Terrace
1,3625521091,Bernadene Pate,2253966554,33094 Raven Parkway
1,3179219084,Milly Ramel,1497011107,527 Maryland Road
2,6636242728,Patrizia Blowfield,9535120688,9 Morningstar Junction
3,2859940332,Tobe Finlry,5806181679,8 Macpherson Center
2,2056626160,Farly Corkhill,8203413157,5 John Wall Lane
1,9196042516,Lewes Kulas,9404009190,760 Cottonwood Park
2,9175556316,Nessa Bloore,3296478628,4296 Old Shore Hill
3,3818635897,Cosmo Blake,9465074881,1918 Memorial Point
3,7407891230,Dorian Scotchmer,3526817856,5365 Hauk Terrace
1,2227147598,Kipper Bennion,1685601401,682 Daystar Parkway
2,5759719106,Bennie Millea,1898039441,465 Bartelt Park
1,9155556183,Adolphus Nial,6537827018,8722 Cody Court
2,5447485223,Jeannette Cuseick,6101994612,502 Rutledge Alley
2,1932927913,Doloritas Beseke,3997280046,66 Mayfield Hill
3,6231397319,Emogene Linney,2998619131,2 Carberry Terrace
1,9662879528,Nike Stallebrass,4211187043,81769 Carberry Alley
1,5013404746,Elisha Espadas,3447939484,18 Oxford Way
3,9865460343,Ester Boggon,5625313648,501 Little Fleur Park
1,5826156791,Sallyanne Caygill,9928890617,5799 5th Hill
3,4975138867,Dun Allward,5933670381,0 Crest Line Crossing
1,1112175113,Melinda Seak,2886273933,5388 Nova Place
1,1182666140,Orella Littrik,9893204159,3228 Hazelcrest Avenue
3,3637861593,Marigold Petegrew,7921577302,915 Monterey Circle
3,9999773958,Mead Tattershaw,2459077401,92143 Dovetail Plaza
3,4449085035,Adamo Chamberlin,9357381153,0 Mallory Street
1,7543554798,Edi Titman,2591404422,45 Westridge Lane
1,5484750024,Hamlin Deyes,7318801101,60328 Arkansas Street
3,5413421478,Rod Iaduccelli,7662631933,124 4th Park
3,9854060721,Lenora Casford,5934296009,8455 Myrtle Hill
1,2759604799,Latia Blodgetts,2075416987,785 Mcguire Alley
2,4293451870,Ania Wardel,5032456692,50 Kings Avenue
3,1573312932,Liz Escoffrey,6824874409,24833 Springs Terrace
3,7863504430,Joli Folke,7738119221,6893 Tomscot Lane
1,5732325166,Marysa Mines,6657788470,42676 Dottie Parkway
3,6957979032,Jethro Eadington,3612415501,6182 Grayhawk Circle
3,6691288475,Franklin Dawtry,2579179086,140 Stoughton Place
3,5591075991,Thedrick Bouzan,4558946760,32 Messerschmidt Drive
2,4838300794,Gabby Dancer,2068537025,8089 Westend Road
2,2562262700,Roosevelt Whitmell,4685149246,93 Emmet Point
3,4614312225,Aurore Bustard,8819877027,80183 Northridge Hill
3,1288174195,Beau Northcote,9899838697,0 Magdeline Park
3,1614838895,Jae Aguirrezabal,5781096366,2093 Bellgrove Way
2,7669568119,Lane Ollier,6409972238,244 Arrowood Terrace
1,0818047119,Jessika Slidders,6769909371,6 Golf Course Circle
3,2841902676,Alli Westrope,1122835855,2424 Waubesa Road
3,7861717852,Issie Laurand,8272356143,7309 Briar Crest Parkway
1,9024818443,Ethyl Janjic,3837366813,47015 Parkside Street
1,3014282936,Raye Aikenhead,8488553589,98 Twin Pines Park
2,6205337533,Mavis Richmont,3498269615,25 Arizona Trail
1,7118851531,Brande Haldon,9195620011,0 Birchwood Avenue
3,7482390502,Frederique Scholtis,3357158831,0 Ohio Place
2,8770209863,Nikolai Tilt,5153380249,397 1st Junction
2,6840153886,Miguelita Dudny,7091294653,97440 Kensington Pass
1,6994283801,Alexandre Brearton,8906883331,8697 7th Circle
1,0657685445,Yolanthe Whitlam,2162596107,81607 Goodland Center
3,4350187790,Liva Ferrettini,4373268382,5 Redwing Junction
2,2437315225,Ameline Fricke,3752363571,6628 Anthes Point
3,4401802217,Tildie Capner,1809377425,6 Thierer Avenue
2,9461727240,Emiline Humpage,2499182045,3828 Logan Alley
1,8287255953,Pammy Eastwell,2895463352,0464 Talmadge Lane
3,1251031137,Trenna di Rocca,4424885444,95 Cambridge Crossing
1,9478539426,Hebert Dugall,5282796590,3 Buena Vista Parkway
1,3376499632,Torin Shurrocks,1818099983,0 Rieder Lane
1,9515246903,Gerianna Howsin,4009213423,0817 Sommers Pass
2,5686070407,Hoebart Larret,2603875584,5 Pierstorff Point
2,2573153460,Towny Bugdale,8277160638,176 Ramsey Circle
3,3639238516,Charmion Raubheim,2295431652,86057 Cherokee Court
1,2253303364,Kiah Coad,3342531321,78 Gulseth Circle
1,8310946309,Cami Tadd,3727733489,719 Mariners Cove Lane
3,5719987681,Haskel Josilowski,9363133694,3 Kim Pass
2,5742685610,Karim Longdon,3177002358,92 6th Way
1,1320371817,Julia Yukhtin,4808203659,51635 Bultman Hill
1,9735483831,Emmery Camplejohn,7502121876,14 Crowley Center
1,7067367735,Linn Sirrell,6437219460,9 Garrison Alley
2,0079562590,Mile Le Marchant,8066716533,8 Columbus Plaza
1,1043482814,Helyn Surguine,9992181566,1 Carioca Lane
2,9198004816,Colleen Sima,2147342486,360 Farwell Street
1,9213490798,Britteny Ramsden,9499328684,3 Sutherland Road
3,6914197490,Cindie Forward,6106564325,32052 La Follette Junction
2,9490224901,Faye Sheringham,6592604045,4035 Redwing Place
1,0737173289,Mathe Rickell,6104735164,55 Green Ridge Circle
1,5032516260,Robin Herreran,3284114627,73708 Pine View Drive
2,6138500261,Skelly Giacomuzzi,3113286169,742 Carey Alley
3,3625677482,Eleonore Brettel,9864641580,9 Stone Corner Park
3,7620358234,Cece McTerry,8848245128,1 Crowley Park
1,9645806429,Dov Crevy,2881814089,2791 Oxford Plaza
3,5426232962,Kissie Berends,5475403133,66 Acker Place
1,6682607032,Fayette Mayell,7601419255,20 Mayfield Place
1,9053226036,Rodina Wrennall,6024016233,358 Eliot Alley
2,5735302868,Taylor Bleiman,6084375008,2011 Springs Crossing
2,6592125535,Jonis Hayers,5225084632,841 Dennis Street
3,1408836092,Lacie Poytress,6713690159,198 Russell Trail
2,8595071195,Meriel Dovington,1795690530,72 Stephen Center
1,6424564446,Maureen Allery,8486249964,4845 Crownhardt Parkway
1,7260001232,Charlene Carlesi,3601791795,55506 Dahle Court
1,3615856384,Antoni Daugherty,1212066515,790 Arizona Parkway
2,7319873338,Jeane Bettlestone,2968845877,5110 Straubel Center
3,2845353154,Karlotta Hounson,5881947945,871 Mayfield Point
1,9061378281,Michaella Geffen,3869665758,176 Eagle Crest Place
1,9597139456,Morgan Caslett,5401110879,510 Clemons Street
1,5441087722,Karoly Eyles,5797311714,826 Carpenter Place
2,6137547094,Susanetta Olivetti,7228210859,6069 Kenwood Center
1,4136575319,Shamus Getsham,9998972074,7 Macpherson Drive
3,8032562427,Alec Robeiro,3139156560,36870 Ramsey Trail
1,9749172612,Shea Rehm,5974558364,2494 Service Terrace
2,4452739474,Arluene Ellingford,6822444917,2 Lighthouse Bay Lane
3,4444174277,Shawn Bloxland,8688825888,94 Sachs Road
2,9852518607,Crawford Tolfrey,1524081967,009 Valley Edge Lane
2,8761912522,Shelly Arnoll,9854109057,63 Ridgeview Street
3,0814800556,Morena Ivison,1431107663,1 Esker Drive
3,8363242063,Kalila Arthur,3047654065,3 Pearson Way
2,9906264918,Husain Pottinger,1752468657,321 Cambridge Junction
3,8856810271,Nicoline Busher,1843613744,25782 Ridgeway Place
1,9933765590,Rosina Niaves,5576184277,435 Summerview Crossing
2,3037916419,Larry Stuchburie,8156611595,579 Anniversary Junction
1,1305225147,Blanca Karpets,5762809911,7 Lien Avenue
2,7146967263,Clarence Dunican,4691549421,2825 Haas Road
1,1632836750,Jordon Lyst,5006226186,519 Park Meadow Pass
1,6023793681,Ewan Boler,9807397444,8001 Oak Junction
3,0596397518,Noland M'Quharg,9988416753,97 Continental Place
1,0610747169,Garwood Rawlcliffe,7673082611,021 Northport Center
2,6241279742,Kahaleel Gready,5594263336,519 Tennessee Way
2,3313626505,Vinnie Rooze,6985983515,9401 Donald Hill
3,3401084518,Cliff Mains,7756177098,6 Memorial Way
2,8674233031,Sullivan Issacov,9104241051,737 Mcbride Junction
3,1408781611,Wilfred Buddles,6946096257,3791 Buell Junction
3,1388084422,Edan Arnatt,9421201849,25062 5th Crossing
3,3453920791,Louis Boshell,8809049916,5593 Hansons Place
3,9550754472,Gay Jannings,6719658658,8 2nd Pass
1,6421047319,Ileane Pipkin,7119982679,218 Orin Lane
3,1659988969,Xever Rew,1116963134,15 Sauthoff Court
2,5498824645,Rhetta Bellringer,7528073776,480 Gulseth Parkway
1,7210590544,Harlen Albery,1254736696,53 Southridge Circle
1,1856133192,Jacques Boundy,5912340653,6 Meadow Ridge Alley
2,4060589586,Kassey Doni,2008104787,7 Grover Court
1,1016959303,Shelia Pettis,7288295112,318 Jackson Way
2,9285699243,Rickie Pakeman,5998169023,747 Hoard Hill
3,0631334424,Paul Brundle,1097034348,0314 Talmadge Park
3,3860298046,Curr Gillum,2602557674,5532 Dovetail Circle
2,3772855296,Eartha Ogbourne,4288742683,540 Kinsman Trail
3,4545649726,Tulley Hallett,3669164776,415 Monterey Circle
1,3393542273,Hewitt Ferronier,3437517893,11253 Vernon Hill
2,1977531156,Ethelyn Kilby,2927320678,84 Toban Court
2,5958053868,Logan Crellim,3608425952,45 Green Crossing
3,6787044232,Felice Tewkesberry,5156093735,2272 Montana Center
1,7028027511,Rheba Barenskie,6602867039,7 Surrey Way
1,6347506971,Alie Claye,8998052234,4909 Parkside Road
1,5106433584,Grannie Danilin,9046123120,842 Acker Court
2,7201333852,Elfie Earngy,2196519013,06 Fallview Terrace
2,2105994598,Imogen Yuryshev,7465503636,8633 Pond Hill
3,1156866731,Melinde Orneles,6854833018,73 Atwood Center
2,7824025284,Janie Shevelin,8472101711,2583 Troy Drive
2,4653551243,Bebe Brewood,5311821666,683 Pepper Wood Road
2,1958938947,Rhea Kenway,8175601287,4343 Barby Street
2,4047243892,Eadie Brockhurst,4011162084,1 Sutherland Hill
3,2102708551,Gillian Stode,4587671454,672 Elgar Way
2,7705896842,Cybill Dik,3003888257,8233 Katie Park
1,9341870127,Consuelo Pavlovsky,2907719017,066 Fairview Park
1,1657694704,Gabriello Hammill,1906541750,2 Karstens Center
1,7965426927,Anette Gomery,2096615478,104 Heath Crossing
1,2010094476,Caddric Allchorn,6649062529,598 Banding Center
1,6389050070,Errol Regler,9787754794,53 Warbler Alley
1,6124978202,Bron Pentony,7782522922,93 Surrey Plaza
3,3301177972,Geri Climar,4629344484,397 Sycamore Place
2,3765358363,Clarke Arpino,4418242107,0604 Leroy Street
1,7536290543,Asa Unsworth,5479829199,1671 Loomis Center
2,5069734385,Wylie Hallgath,3082841911,83 Gulseth Parkway
3,7247639318,Charisse Kyne,3019410593,1 Holmberg Point
3,1500354775,Emeline Sive,7196493216,4 Arkansas Place
1,6621031289,Merrielle Lannen,4291223735,7 Rockefeller Terrace
2,0421131233,Felipe Arman,8284944687,38108 Welch Junction
2,4816562486,Jena Waddie,8226780635,82127 Center Hill
2,9484895247,Keely Wilcockes,7984557223,464 Goodland Street
3,5394806640,Melvyn Moehle,1023516022,098 Old Shore Center
3,4449433106,Kylila Ravens,2517073270,98066 Bayside Park
1,9183009647,Colin Tzuker,2494836498,16418 Southridge Way
2,9047721233,Ariana Spondley,7813154502,75160 Garrison Trail
3,2996664108,Rinaldo Harberer,3031647834,67826 Barnett Circle
2,8645813661,Gav Beldham,5195510290,7490 Esker Terrace
1,9072641590,Alvera Trickey,1036387288,6 Reinke Pass
1,0809219417,Ardith Caldeyroux,7664765868,12169 Anhalt Circle
3,1146489099,Galven Rawling,7007691414,4607 Butternut Hill
3,6762941265,Ryon Longfield,8569181282,7 Fieldstone Drive
1,9014675879,Thaine Waye,8656416376,81 Eggendart Alley
2,7876103057,Nana Stratley,6158878511,52 Morrow Pass
3,0205186254,Kimberli Berzons,9528582269,53 Miller Parkway
1,4330600374,Garvey Kitcatt,8368799060,334 Magdeline Alley
2,4019563241,Henrik Bartelet,9198734238,7380 Forster Terrace
2,7359750636,Sherilyn Ayars,5382721991,6560 Mariners Cove Park
3,5049411394,Carolin Speachley,7233082652,18437 Lindbergh Drive
2,7335915988,Cass Linster,8241890683,4 Transport Avenue
1,3066328589,Mattie Gilburt,5755110287,127 Laurel Court
2,2817935268,Denny Lightning,7308052266,65 Bashford Terrace
2,1056902310,Calv Dinjes,1168279262,1 Aberg Avenue
3,0700526099,Gerhard Sanchez,4961302689,087 Cody Road
3,1023954273,Lizzy Gadsden,4641269786,49 Fallview Junction
1,5967450564,Myrtie Acklands,5397512825,7547 Waubesa Road
2,0017879175,Jonis Buzine,3464337089,0 Anthes Junction
3,9152772691,Ula Attewell,3335104456,75 Montana Plaza
2,9102922037,Frederica Venour,4682348214,5005 Ruskin Crossing
2,1063036380,Remington O'Sherrin,4826623538,11 Eggendart Trail
3,0436804425,Barbara-anne Greensides,2385255932,9568 Mariners Cove Court
3,7527766654,Stephanie Moscone,2188099733,1 Ridgeway Street
2,9765612079,Dori MacPadene,7467107236,3488 Truax Parkway
1,2646037996,Wyn Edkins,5684021469,2901 Cambridge Alley
1,1807683249,Renato Odby,9315804176,2 Cambridge Pass
3,0557475325,Spence Croysdale,9906458011,585 Ilene Avenue
2,5048659511,Moreen Ciric,7872820424,17061 Bashford Terrace
1,2642596257,Haleigh Merrikin,8169471095,74 Michigan Way
2,8986190028,Tabbie Couvert,2731771909,44985 Marcy Pass
2,9480270404,Timothy Abramino,8661602023,6837 Warner Parkway
1,2448988765,Kiri Geary,5666567363,626 Hoepker Pass
3,5023399079,Harbert Angel,3043984543,0 Fulton Way
3,9772843854,Roseann Ronchetti,1198317656,23339 Holy Cross Hill
2,7617246633,Hersch De Lascy,4392706402,8293 Loftsgordon Lane
1,1891397680,Marlee Heaslip,6058659580,905 Dunning Drive
3,0465361692,Emmy Straun,4666064091,9 Bunting Circle
1,5660436994,Javier Alessandretti,8437782037,7 Buell Crossing
1,5248633400,Carmine Ciccerale,1275413392,20061 West Place
2,7012676442,Orin Addicott,7738583185,82036 Bashford Center
1,9092610208,Euphemia Bedin,4833210638,7147 Katie Terrace
2,0889990840,Ramon Buckston,3193941960,75 Mallard Way
3,8412560035,Barty Colomb,5931090294,1307 Melrose Street
2,3146835606,Aleksandr Stopper,5107985411,6 Grasskamp Terrace
3,0172399203,Padraic Jobin,3788799913,40 Welch Way
2,3469654158,Emiline Driscoll,6145419024,28857 Lunder Avenue
2,2634383711,Aline Rossiter,9551179777,8143 Tomscot Road
2,1845355954,Marika Gopsill,6412508269,3 Brown Alley
1,8157891108,Glenden Capnor,4461759655,080 Summer Ridge Alley
2,2655499433,Nada Sams,8961902928,4 Commercial Way
3,8372332924,Lottie Goodger,6591920879,5 Stuart Terrace
1,7470466703,Stephannie Merrill,8869110706,51 Eastlawn Place
3,1265253374,Glenda Byrom,8098849677,836 Farmco Junction
2,6562305144,Mair Bassick,8902594656,78 Susan Point
2,1931947570,Juliane Bineham,9616842532,144 Oak Junction
1,2214806458,Randy Beddoes,6586441994,08084 Esch Junction
1,9446455227,Adriane Constantine,9309359933,51 Scoville Crossing
1,9233227219,Waring Camplen,6272900137,11 Service Hill
1,4367761118,Noach Coper,1058156848,1836 Scofield Point
1,5134282048,Umeko Postle,8909169838,768 Vermont Parkway
2,0351807632,Charyl Hurch,8135439963,593 Surrey Point
3,1186800097,Cristen Adrien,2698819452,24482 Huxley Lane
2,7717958910,Donia Howard - Gater,6951105963,40 Melvin Center
2,1432413562,Arlette Vasser,2875452404,3 Vahlen Avenue
2,4835665880,Dotti Manuele,6201478359,45380 Burning Wood Way
3,3197273133,Emlynne Polden,7272723149,709 Homewood Road
3,5387613670,Leisha Corcoran,6217324281,0 Glendale Way
2,8345894763,Martie Foxton,2739877461,3 Holmberg Parkway
1,4170681495,Raine Tramel,4638778712,640 Cody Way
3,4991864461,Nikolaos Skillen,9986615812,814 Warner Crossing
3,4605709002,Sheena Mantrup,7307943267,42 Vahlen Junction
1,6625403148,Lorri Brownsmith,4252610868,13 Westerfield Park
3,3608763953,Gradey Hambright,9722235181,161 Grasskamp Plaza
2,2004493550,Nata Cawthorn,1477763495,905 Novick Road
2,6290297813,Roi Van Der Straaten,3848180676,275 Sommers Center
3,7054110390,Orion Abotson,6432903742,5 Merry Road
3,3808092963,Roderigo Weston,7538936655,926 Division Park
1,2794052195,Tann Searson,8908323753,7 Fairfield Trail
2,0873212037,Ferne Carberry,7296180193,4900 Del Mar Alley
3,1311514287,Amabelle Chadbourne,7237391040,855 Roth Parkway
3,4178978365,Bern Sacaze,5969637258,0682 East Trail
2,1397043849,Carlye Bolte,4805786623,752 Twin Pines Junction
3,7333149447,Hildegaard Banat,1087362882,69 Farragut Plaza
2,3996250665,Percival Straw,9055046963,12634 Saint Paul Way
1,6609184763,Hailee Skaife d'Ingerthorpe,9168082041,7 Hoard Pass
3,7949896493,Agnola Leander,4163163485,15 Colorado Crossing
2,6626443534,Quinn Hume,7872658099,72195 Pine View Center
2,5706904162,Lorrayne Jako,3889434922,95 Superior Place
2,7233127948,Elonore Swaysland,3188095266,6284 Washington Circle
1,8271689290,Sisile Rizzardi,9119936439,68015 David Crossing
3,8247667916,Kippy Piesold,6284537443,01280 Forster Court
1,3098687029,Luca Burchmore,4547342171,2 Kenwood Drive
2,8464697902,Devora Beecham,5313682247,64 Cottonwood Court
3,7881462248,Hughie Werner,4018560978,0 Sundown Drive
3,2960036212,Trevar Rhucroft,2932026988,1 Loomis Terrace
1,4144568962,Briano Dubery,9566045625,100 Artisan Way
3,5358240241,Claudius Gallyhaock,3021627439,6430 Reindahl Street
2,5107596290,Patrice Seakings,1171592638,379 Merrick Alley
3,9591245475,Veriee Ogles,2482509418,0 Sunbrook Plaza
2,9599619382,Trip Brellin,2952577432,44 Stang Alley
3,0171095936,Katusha Ullyatt,8726404290,0 Bayside Center
1,8306775457,Waldon Guiton,3724379171,9814 Killdeer Terrace
1,8652940940,Shantee Manwell,6292975107,3628 Manitowish Point
1,3122457237,Farica Hawkyens,3779239633,26495 Spenser Place
3,0007927983,Bab Riditch,4763780911,087 Lillian Street
1,6430238547,Jose Stive,3535260264,859 Reinke Lane
1,1256543373,Zared Windle,3768344348,81 Redwing Park
2,0075133059,Karie Ickovits,3242648833,11 Sutherland Place
3,6570328700,Silvie Howie,3237735917,1 East Junction
1,4088540891,Blane Featherstonhalgh,4261511795,211 Novick Park
3,9639738522,Clayson Diegan,7622864592,8 Grim Pass
2,6288910635,Marti Boatswain,2057712061,59968 Rockefeller Drive
1,9938798144,Kassia Botham,9645149417,6 Sunnyside Place
3,0127786511,Maje Burchess,5498432873,3 Golf Course Circle
3,6574470706,Bo Leaburn,5354155127,19 Green Ridge Plaza
3,7340902236,Hiram Froggatt,9786162150,07114 1st Center
2,0685349179,Harley Chantillon,4521711315,41 Tony Lane
2,4390902385,Beverlee Nawton,3032264084,37 Jay Trail
1,2637509031,Pia Casolla,2725446303,361 Village Green Street
3,1688320377,Charley Padgham,1775337683,0833 Shasta Place
2,5340959643,Delores Jozaitis,8812506364,80619 Rutledge Park
3,2648016503,Olvan Cribbott,8648312794,49 Dexter Street
1,0986168416,Cassey Palser,7311280681,16160 Vermont Road
1,3486338978,Aggy Walkling,8684073508,3 Eastlawn Street
2,6012039255,Susanetta Jakoub,8797805021,64670 Monterey Place
2,9142664748,Carly Heather,6843975158,1581 Magdeline Court
3,3540106421,Stafani Bisterfeld,2073860628,65844 Hanson Alley
3,1091854211,Normie Busson,6825216829,63 Michigan Court
2,9944084751,Lorin Fenelow,8267073555,53 Walton Plaza
3,1153388200,Lynne Harbin,4472277582,82035 Tennyson Street
2,1646351150,Sybila Drewe,6952473608,00663 Morningstar Center
2,0950850128,Maisey Kurten,1739975102,17250 Acker Court
1,9945565168,Hortensia Degue,9509499763,02 Hazelcrest Plaza
3,5924741249,Price Vaz,2122569710,93 Corben Center
1,8710023399,Ursola Kenewell,4566266215,95047 Mallory Way
1,9790619758,Emanuel Scandwright,7849226568,057 Manley Drive
3,5028620776,Imogen Parmley,2487609189,8 Bartillon Road
3,9697066604,Alic Trembley,9101314992,031 Crownhardt Junction
2,5941847718,Rosalind Ellis,8353228877,4793 Mariners Cove Avenue
1,2481112032,Stephanie Crosi,6333260527,8 Green Ridge Road
1,8187260955,Kacey La Grange,3398712617,017 Bunker Hill Place
2,5653095664,Lavinie Feige,7499195343,0491 Birchwood Street
1,5224455634,Ora Corder,7419517680,68787 Sage Hill
1,1282364294,Alexandros Shivell,1327137098,477 Jay Court
3,8318352300,Batsheva Christley,9691121971,03526 Claremont Court
1,9139054365,Neda Revans,3871492131,76 Vernon Point
3,5721864559,Opaline Dennington,3862423161,09 Debs Lane
3,5806441474,Angelita Spyvye,2711004834,41 Dennis Pass
1,3960970412,Dara Bonelle,8685690837,5731 Sutherland Plaza
2,7873663159,Maisey Rentalll,8299377304,9092 Kenwood Pass
2,6287806516,Revkah Bourdon,9118901412,06770 Bay Center
2,9208784010,Laurella Blasetti,9728372623,472 Everett Hill
1,6834218874,Cesya Ferreo,9687308775,50609 Granby Street
1,3274435112,Annaliese Polsin,4348571439,130 Clemons Hill
2,8436512480,Corney Eskriet,4341128173,4 Saint Paul Crossing
1,3808016191,Derrik Barney,8516321105,3 Butterfield Avenue
1,4823604946,Vale Adolf,5617664900,03 Prairie Rose Road
2,3581345641,Margareta Spadelli,8791539454,20 Donald Hill
2,5148755431,Joela Orys,5365522062,389 Tony Crossing
1,5006342692,Cam Guilloton,5637016644,848 Warrior Way
2,2085895115,Fraser Allgood,9203138469,5 Nova Plaza
3,1156624045,Marty Kenright,1114254893,241 Briar Crest Plaza
2,1589046889,Judy Adolfsen,8347244209,74 Arkansas Lane
1,1591498155,Betta Keirle,8878872034,9 Fallview Circle
2,3671343230,Henri Colleck,7678593441,5 Beilfuss Way
1,1271766957,Karim Cornbill,3921523613,024 Maple Parkway
1,4397613737,Gay Mingay,5993302316,1034 Cody Trail
2,2873663316,Henrieta Forrest,2041684720,0 Thompson Circle
2,0839038801,Gordon Ferronier,7969722816,4191 Saint Paul Park
1,6683049874,Gigi Ullyott,1902843424,6 Schmedeman Junction
3,1208826433,Lidia Mulhill,5545752622,3 Shopko Point
1,9748220028,Jolee Jonsson,9985781307,75 International Avenue
2,5842432315,Erinn Tasseler,8375624227,1 Sachs Plaza
1,4080575378,Ly Foister,8788128203,585 Debra Lane
1,4352509086,Bellanca Purnell,7939451836,67592 Anniversary Parkway
1,0545924510,Lanette McPhillimey,4271786629,0889 Artisan Park
2,2535717190,Nelli Whall,9187764256,791 Dexter Street
3,8256531762,Myrna Burstow,8876676765,5 Hoard Drive
3,7895706284,Jens Whitloe,8333882134,924 Armistice Trail
1,4451567912,Viviene Rogeon,8223451529,6 Welch Place
1,4491951128,El Stayt,6576245938,5 South Place
3,4469579823,Erv Burdett,7878337882,22518 Farmco Hill
3,7044604935,Bondy Allchorn,8853447816,48239 Northfield Alley
2,2628164396,Felita McIlrath,2623450433,869 Shasta Avenue
3,6118837511,Nessi Kienle,9516784354,167 Johnson Way
2,1092128921,Hollyanne Kauschke,7954860115,4320 Rusk Circle
3,7638074998,Pauly Yglesias,2337161020,41503 Lighthouse Bay Plaza
3,9961531574,Selene McLagan,6457328022,9 Birchwood Terrace
3,2731941499,Leland Myhan,7035493021,07030 Harper Circle
1,2860814744,Ginelle Trower,1197620393,0133 Schiller Drive
1,2174810573,Salem Kensy,5673152257,2540 Namekagon Place
3,6135024108,Nada Riseam,5057434976,35 Reindahl Circle
1,9478798200,Lucina Laidlow,9618144666,65227 Sutteridge Hill
1,7084105158,Cara Klemke,2332799674,4 Dunning Way
2,3657419438,Gunter Grogono,3413532950,068 7th Drive
2,5995122789,Millicent Cleynaert,3812709439,38239 Larry Parkway
2,8079605610,Olympie Russam,4949671422,27 Brentwood Lane
2,7875444616,Kermie Heersema,7366030771,70824 Leroy Crossing
3,2238924647,Lynn Jedrzejczyk,1357820522,13 Chive Lane
3,1224247248,Fonz Pinke,3307634627,8357 Derek Street
2,6526606954,Inez Maryott,5641787651,955 Declaration Road
1,3781838315,Netti Mutter,2892679068,7664 Independence Circle
3,9858483678,Carmela Snowding,8751534101,2 Ridgeview Trail
2,4958082328,Bing Brandle,7889119918,0675 Anzinger Alley
1,4001922169,Gracia Alenichicov,4672399269,6473 Mendota Hill
2,7720277023,Darya Penticoot,9986832626,25373 Bartillon Place
1,2143549385,Darelle Corballis,9743295633,9 Sachtjen Drive
3,7452961331,Eldredge Newlands,9345917272,47792 Sommers Road
2,6796156382,Hew Hekkert,6589280000,9 Starling Road
1,9233143198,Karalynn Maillard,3652745133,582 Morrow Drive
2,7337072910,Blake Beange,4891345954,714 Dawn Park
3,0165779446,Ortensia Pietersma,6606017515,386 Arapahoe Avenue
1,7546592143,Lauren Palphramand,5654737909,4607 Hazelcrest Drive
3,1750454378,Craig Veld,2457855356,40099 Lukken Park
1,6132092374,Madalena Cowlishaw,3559081145,7381 Judy Circle
3,2240600179,Teena Wingatt,5349184904,8 Rieder Street
1,5223180186,Benoit Ventum,4124853487,61237 Mcbride Court
2,3604767822,Pippy Snailham,3051033953,955 Pleasure Park
3,2686064706,Susana Spieck,7755150965,62 Fallview Trail
2,3930207885,Terrence Daniellot,1445176653,6 Iowa Drive
3,1672148545,Abie Leebetter,5558006715,6 Arapahoe Lane
2,8742440955,Onfroi Lambourne,7566117848,0894 Dexter Road
1,8481714585,Arley Amori,1047919037,2466 Sutherland Plaza
2,9594844531,Darrel Spera,3957874076,906 Moland Place
3,5252527652,Petronia Al Hirsi,1109501102,2011 Old Shore Lane
2,9458732816,Daffie Capstack,6461744212,85930 Dennis Court
1,3956935020,Karolina Commander,6588738333,26086 Vidon Court
2,3551501408,Dillie Dowthwaite,7829806275,93 Chinook Pass
3,1922042870,Sheilakathryn Vibert,7682749475,77 Elmside Avenue
2,7867626514,Mychal O'Mailey,8379789298,19 Lien Alley
2,7658375454,Ethelred Garside,5797904357,64348 Orin Hill
1,7685477408,Gavra Rodnight,8244996285,794 Judy Terrace
3,6618752728,Mimi Helsby,7665201396,53502 Miller Trail
1,3364603316,Dory Lacasa,9445947269,82 Nobel Circle
3,8455935561,Roshelle Mattersey,6176480595,381 Maple Circle
2,5861261571,Janek Danilewicz,6956814620,67 Katie Road
1,2846698317,Rosmunda Pellett,3533607395,3179 Judy Way
2,2235442447,Melvin Tembey,6066474707,5282 Farwell Drive
2,4733113188,Hashim Pumphreys,9818606829,50243 Merchant Court
1,9863622532,Paolo Mattinson,1573085581,2540 Eggendart Court
2,9272931630,Jessy Crowcum,7376166133,8 Hanover Parkway
2,2173091964,Daffi Airdrie,3199761874,130 Everett Alley
2,4512944478,Ennis Danielsohn,7429678840,31 Vermont Avenue
1,7592277832,Jayme Brandreth,6622486994,5396 Dwight Place
2,3648399306,Silvie Ashfield,5498912895,16049 Crowley Circle
2,1301008699,Edik Simoncello,8829638918,1 Sloan Plaza
2,3692024843,Liliane Dobrowski,5831438010,234 Clarendon Way
3,4436861627,Dusty Cullimore,7893409704,66 Susan Terrace
2,6034140595,Elly Guenther,5019827903,876 Dexter Circle
2,7052216922,Merridie Sanham,3883781613,6171 Little Fleur Street
3,2061335527,Major Cund,1105761310,3982 Vermont Place
3,6398804112,Cathryn Linley,4542593508,010 Pennsylvania Point
3,1870151585,Etheline Augustus,1441745004,2551 Gulseth Point
2,6685825952,Laureen Lottrington,8309635434,613 Buena Vista Circle
1,4154823817,Charla Dunbobbin,6679433764,463 Carioca Road
3,5707592334,Gay Soldan,2561027531,48311 Blue Bill Park Junction
3,9663161825,Zonda Thon,2238206271,406 Clyde Gallagher Junction
1,5597670816,Kay Cadman,2777997696,57 Little Fleur Center
1,9564110475,Jeana Kynforth,7746891813,7593 Briar Crest Hill
2,6388551130,Erena Fray,2675814383,4 Heffernan Park
1,2301139697,Felecia Sandell,1479920181,137 Schmedeman Avenue
1,0031570518,Bowie Probat,7959058007,1118 Eastwood Circle
1,4748823283,Fedora Latter,6555634484,41 Westridge Pass
1,5903013473,Ronny Coughtrey,8629310951,2811 Sullivan Center
3,5637483140,Verene Vigne,6793341610,83645 Ridgeview Point
2,9078114053,Vally Nollet,6659771606,1 Maple Junction
2,8739258602,Roosevelt Brickham,3725752306,3641 Almo Center
1,0275791319,Aron Curley,4565627316,74 6th Center
3,8607265741,Luelle Agent,3876937936,84 Schmedeman Park
3,7874620224,Chaim Colgan,8584303228,5949 Rigney Road
2,1352684810,Sarene Eccersley,9127723482,95 Loftsgordon Parkway
1,4719162525,Lyndsey Sawday,6512825320,9526 Coleman Drive
2,0929345584,Winnie Lake,5686421850,665 Randy Center
3,8442066357,Arvin Ewens,5196611843,5633 Oriole Junction
2,0083751769,Gerrilee Geering,5819044131,6 Eastlawn Plaza
3,7301116403,Ernie Tuffey,7456504093,27710 Pond Junction
1,4312981930,Halsy Burridge,5951795603,1320 Carpenter Drive
1,6250202382,Victoir Shoebottom,8672042275,62104 Norway Maple Hill
3,0320937585,Klemens Molfino,9454179671,8 Esker Hill
3,4237873862,Ludovico Ghiriardelli,5964156542,32668 Cardinal Lane
3,9848712658,Constance Kayley,7511311607,31 Farwell Avenue
3,5691481207,Wrennie Shrigley,1342869625,34 Ruskin Plaza
1,8787883163,Paolina Benwell,6782070227,23 Melody Avenue
2,0833573578,Sharyl Linge,8251627064,002 Alpine Plaza
3,6592022949,Dru Brinkler,3907314419,62 Morningstar Avenue
1,6789259643,Temp Schnieder,4474966334,65863 Little Fleur Way
3,5924799204,Albert Ketts,8666854312,6648 Westport Court
3,9445921887,Zia Rouby,8134957279,79 Troy Parkway
2,3441680758,Hattie Guise,2347939255,20580 Judy Hill
1,9416307424,Todd Tupper,7477697646,8181 Loeprich Plaza
2,1133439438,Rubin Glassard,8255051879,8 East Avenue
3,7700741123,Kyle Elphinstone,5646564659,5 Morningstar Circle
1,0600486125,Demetra Klimschak,2853647665,5 Kim Circle
1,5975052432,Betti Paternoster,7728082520,375 East Circle
3,2122404817,Niel Vane,1736990317,1429 Esch Junction
2,0087683768,Herminia Swainsbury,8443002539,576 Merry Road
3,0656593482,Gerhardt Cliff,5443881385,4204 Toban Point
3,6139109396,Christel Glowacz,6589919321,93 Leroy Road
3,0830431683,Elnora Millett,5213261204,23534 Stuart Terrace
3,7113078737,Felice Bickle,8737841472,377 Coolidge Plaza
2,8535049460,Coralyn Kubasiewicz,1231171077,251 Lighthouse Bay Crossing
1,3255279968,Magdalene Skerratt,9669840619,01953 David Place
2,9826764256,Eldredge Aggio,8479278277,54965 Aberg Way
2,7947152357,Arlen d' Elboux,5071779612,00316 Westend Junction
2,6493979668,Joela Kobus,8499454047,1741 Doe Crossing Junction
3,3778449109,Winthrop Draisey,1773833544,61265 Quincy Drive
2,5461877524,Ellerey Lacase,5015596818,223 Shoshone Lane
3,4701146986,Kessiah Audley,6273286678,979 Fordem Street
3,0046551948,Clarisse Havill,9349589243,6040 Melrose Place
3,5437472684,Leshia Docherty,2811164243,3639 Larry Pass
2,3996491468,Harris Elkins,6923870156,993 Tony Way
2,2547955148,Britteny Sanson,1567902930,24387 Schmedeman Circle
3,7866582785,Darius Kilcoyne,5335736223,06 Namekagon Circle
1,7606190704,Kylie Stolz,5902578942,7 Schmedeman Park
1,4635167372,Jobye Heinritz,2615254721,9216 Rutledge Alley
1,1973365537,Linnet Wordley,1601599920,24 Springs Trail
1,1061081346,Jeramey Hatherleigh,9674120360,225 Dorton Way
3,4995501762,Inger Ganning,1303602091,3932 David Center
3,4706644623,Georas Geffcock,8426604937,9 Duke Pass
1,9425562482,Rafaela Grimsdike,6684981839,5 Burning Wood Avenue
1,6963361096,Joli Canero,6409397406,4830 1st Place
1,0581939638,Violet Whatford,9609558038,845 Shelley Junction
2,0313873364,Brandon Curtin,7461601579,9613 Crest Line Way
3,4675710220,Rustin Dunan,9889742977,13 Twin Pines Road
3,7619916229,Deni MacCarlich,8526262540,65 Commercial Pass
1,7492089503,Jesse Exposito,1507184140,0205 Hooker Point
3,9280647733,Nataniel Vigrass,4474432981,57 Arkansas Way
3,1124920137,Ianthe Sedger,6218310800,214 Columbus Court
3,7522508916,Kylynn Pedley,4624901065,23 Drewry Drive
2,0472984357,Maure Spellesy,9707359028,7 Waubesa Court
2,7714883189,Rikki Cattow,9212390304,0670 Oakridge Center
3,7826371228,Nanny Hulatt,3531548227,88675 Little Fleur Parkway
1,0809617013,Eyde Darthe,1285898503,0 Old Shore Circle
3,0250811316,Denice Moylane,3101827081,3 Waywood Court
3,2764507844,Zabrina Yaldren,7505777448,65873 Canary Avenue
1,0339621923,Giacomo Maplethorpe,3793626614,045 Cottonwood Street
3,7754927535,Lukas Hartegan,3856457244,21617 Steensland Center
2,0244165521,Andrej Oles,7219456095,496 Merchant Plaza
1,7361006396,Luce Carnson,4658664755,01574 Village Green Alley
2,9000030684,Janela Godfroy,7669878630,142 Oak Valley Place
3,9536819473,Marcellina Coey,4389539649,6540 Sommers Alley
1,0095587160,Eadie Prestedge,6609581505,0 Maywood Crossing
3,2176038711,Woodman Seggie,1591344419,3604 Anzinger Junction
2,7569865685,Babara Cook,2091702311,43 Myrtle Crossing
2,4406279725,Boyce Hilary,8391506848,30248 Redwing Place
3,5247814517,Garrek Ochterlonie,6718406381,03398 Northridge Point
3,4562301929,Arlee Idwal Evans,2157494417,9934 4th Terrace
2,1802127917,Rickert Skey,3282433532,225 Moland Place
3,6919119617,Ruby Corp,3599687245,5 Hayes Center
3,1974399087,Elvyn Cowcha,9758072376,9329 Elka Road
3,2381638520,Nettle Whinray,8271456283,123 Carioca Court
1,6770933136,Durand Clayborn,6665759311,51 Burrows Avenue
2,9588081238,Elliott Goldsby,1426055235,5 Washington Alley
3,5664887338,Xenos Skinley,4399096663,23 Independence Place
3,7643762988,Marianne Ledgley,6972013463,7 Packers Parkway
2,7934012195,Vergil Andreazzi,7808481829,01179 Butternut Parkway
3,3148536606,Hashim Whittall,2075896679,53 Graceland Street
2,7757796806,Ezechiel Linklater,2256787083,1200 Lakewood Gardens Junction
3,1509498958,Faustina Belly,6051040118,547 Vera Avenue
1,7650145573,Alfy Dightham,9944284003,99 Shoshone Terrace
2,9488718994,Heriberto Sartain,7964026329,04 Westerfield Alley
3,1982025999,Jessika Nequest,1428782365,823 Fordem Drive
2,3071119097,Lief Vyel,1727767523,7 Doe Crossing Way
1,8673468523,Korrie Creboe,7417434214,526 Corben Court
2,7438376044,Darelle Colegate,2337029656,465 Grover Crossing
3,9658684750,Garey Dei,3467626414,58964 Esch Pass
1,6828698894,Wes Marchand,6247981141,62697 Sachs Crossing
2,4504571285,Alfons Bertolaccini,6718163040,87 Northridge Plaza
2,1459125150,Alisha Burleigh,1316540504,284 Kipling Junction
1,2236551592,Noelle Giacomozzo,1025253587,702 Carioca Crossing
3,8996847631,Eveleen MacWhirter,7369241070,97 Delaware Road
1,4402074991,Blythe McShane,3982503804,79441 Sommers Point
3,6632313795,Artair Penwell,1795978903,5 Sutherland Parkway
3,2008962113,Domeniga Monget,9279304508,480 Hanover Hill
1,0351097759,Niels Fairfoull,1168682517,60 Eggendart Plaza
2,0357070348,Dorothee Waren,2803607248,49 Cottonwood Point
1,3439303853,Davon Kondrat,2526038110,06 Pearson Road
3,6193868925,Neysa Redmond,4139424904,350 Moland Pass
1,1565372638,Gil Tolliday,5278747114,58932 Spaight Court
1,5909065769,Kiri Haker,4061265206,8 Sundown Crossing
3,2033837394,Chery Densham,4743085962,5487 Macpherson Point
2,0106978101,Leonardo Burnes,2422438449,3206 Meadow Valley Street
3,9262522770,Roselle Vellden,3302639249,9348 Fair Oaks Pass
2,2612389539,Carlen Smellie,6654500799,0 Cottonwood Trail
2,8228473931,Jard Samme,3309017520,9 Daystar Center
2,7500280084,Ekaterina Broadberry,1991083886,596 Wayridge Place
2,8460558061,Blanch Jerrolt,9965167251,5594 Haas Avenue
3,3768870278,Marlin Langthorne,9535508964,28434 Petterle Circle
2,5808069076,Shanie Calam,7545065925,29871 International Avenue
2,3561495273,Aldo Harmson,9492919594,779 Nevada Place
1,8576861402,Alaster Sawden,3081316635,192 Helena Court
1,8980043430,Bari Boulsher,7225257785,87 Annamark Parkway
1,4108285719,Bridie O'Fallon,4919176329,840 Mockingbird Hill
1,5765318134,Amalee Adkin,4055477298,6821 Browning Point
1,2694686311,Estella Bohje,6067370360,02 Morrow Drive
1,8495461579,Alana Chieco,2716422491,5590 Red Cloud Terrace
1,9083071030,Robers McClenan,7478765152,0 3rd Court
1,3959281722,Moyra Lamprey,4229902077,15575 Carioca Trail
2,1105418081,Carmel Goldney,9229416678,5540 Blue Bill Park Parkway
3,9044987488,Bar Blacktin,5069441315,03693 Jana Circle
3,8334893957,Leland Gemlett,8206254851,725 Crescent Oaks Circle
3,5823926499,Chelsy Whitmarsh,6499048431,120 4th Pass
3,7585810393,Kyrstin Nuzzi,1614493764,337 Sunnyside Lane
2,8775717891,Dorelia Drogan,5879052004,2822 Carberry Circle
2,6119849890,Sheela Canty,9623476943,7 Dayton Junction
3,3618405898,Tanner Vuittet,3609386064,2537 Chinook Way
2,2214680020,Gardner Noblet,4102283465,301 Crownhardt Avenue
2,0281149747,Kalie Buckby,2675413020,52 Sauthoff Park
3,4459537826,Franciskus Batisse,5125401624,698 Crest Line Terrace
1,8160944179,Rubie Peddowe,9661256436,77067 Burning Wood Lane
1,1136149740,Binnie Maughan,8263906856,2 Golf View Avenue
2,6887201704,Cart Pogue,9885268904,97164 Crownhardt Junction
3,4665232016,Sandra Borne,4345968571,096 Merry Way
1,8162224408,Desiri Traill,3397742551,48275 Sachs Drive
1,9567095388,Conn Early,8537394281,69 Rockefeller Pass
2,1514385694,Brendin Dibsdale,8828529681,10066 Redwing Plaza
3,9523921932,Felicity Laborde,2208762509,13 Emmet Road
2,6118168687,Maura Grossman,4259976661,615 Autumn Leaf Hill
3,7930340325,Shannon Boom,6032001658,41 Spaight Park
3,9767070753,Hughie Gillespey,7416647836,48391 Vermont Center
2,5141140474,Brandy Manuel,8354563125,813 Nevada Hill
3,5349615289,Melly Riggulsford,9199533951,6740 Iowa Court
3,5106896800,Penrod Clayill,2301333385,5 Village Pass
3,8411954854,Evanne Osbidston,7831614877,80 Waxwing Trail
2,4888375194,Darlleen Gluyus,5709740371,8 Clarendon Lane
3,6368267518,Blondell Leechman,3173109259,483 Di Loreto Lane
2,1757642501,Elwyn Pavis,8462123277,2435 Schlimgen Plaza
1,0235946958,Kaela Yerson,9793151260,2 Mccormick Hill
3,0718144635,Britteny Arnowicz,2059143491,516 Novick Place
2,4968727968,Teodoor Crepin,7714670370,51822 Kropf Crossing
3,2900859832,Giralda Tilliards,9271673919,777 Lawn Circle
2,2862338095,Alden Antognoni,9735056785,55731 Pepper Wood Place
2,5843233340,Roselle Nelligan,3085218943,857 Sundown Avenue
1,1207160555,Man Crosston,2596676602,80220 Muir Court
3,4864349185,Oriana Sturman,7317428482,72937 Knutson Court
3,3966701162,Lucretia Sambeck,3448879734,881 Debs Center
2,3603100255,Zsazsa Kaysor,1961257851,68974 Hoard Way
2,0856547166,Johnathan Gierek,7758179185,0 Crescent Oaks Hill
3,2399425669,Dexter Deinert,8967109647,1034 Straubel Street
3,7028675742,Konstantine Vorley,3278726655,3013 Debra Pass
1,1988486645,Silvain Pieterick,6264617174,970 Springs Avenue
2,7392916459,Merl Morsey,3375160521,6 Lakeland Plaza
2,8761822426,Fields Frayling,7083300105,02 West Lane
2,8162866728,Sashenka Twitchett,7871109965,43361 Nancy Trail
1,7405732623,Rad Brounfield,2039163392,66630 Tennyson Court
1,2579558241,Joell Hauxley,8249048474,8708 Oneill Way
2,0750011505,Maxwell Edworthye,3665062779,06383 Duke Center
1,4416697171,Carolus Petyakov,9407378226,3 Transport Drive
2,9612727481,Mommy Londer,8985692206,53 Myrtle Court
1,5151103911,Violetta Trevillion,1148975374,407 Del Sol Circle
1,4874808557,Vitia Farnaby,7225488379,29 David Trail
3,3266660455,Jessamine Starr,5312516642,9380 Mcguire Point
1,9746155660,Freddy MacRirie,9958740414,6255 Clemons Center
1,8568580815,Rowney Hamp,5116005282,8450 Gulseth Avenue
1,4770902743,Harlan Whitten,4971643328,2877 Buhler Park
1,7990148269,Jenifer Hubbock,6469478936,226 Monument Street
2,5183149216,Margette Scrimgeour,7283159860,382 Buena Vista Street
3,1074100565,Sabra Alcock,9558522649,58 Graceland Alley
3,1854479121,Wilt Bayldon,5449365368,2647 Superior Court
3,7093953441,Mary Gusticke,7987943035,82404 Randy Junction
3,4086992728,Parke Makeswell,2213209284,144 Orin Center
3,8521196113,Thurstan Peepall,1096891759,8766 Thackeray Center
1,0118437887,Claudette Flexman,3616472648,0 Mallory Lane
1,2599576199,Valerye Claworth,3374330515,42866 Jenna Pass
2,3276519445,Hedvige Burley,9972417773,49 Corben Crossing
2,7568562042,Huntington Pyser,8893432055,30 Sycamore Avenue
3,7220700296,Daffie Hendriks,5073200980,3 Cardinal Street
1,9509307823,Van Stickney,1221226033,192 Bluejay Circle
3,5394676399,Jeni Sheriff,8258538640,4334 Loeprich Circle
3,0538100370,Iggy Loseke,4095013161,1 Hovde Hill
2,0319939375,Burk Solland,4546542788,80248 Sullivan Trail
2,0694306436,Cecelia Sussams,8586570654,54 Farmco Place
2,9450611149,Roselle Van den Velde,2106962525,78374 Algoma Trail
3,0412432269,Kristyn Webburn,2476965816,3391 Fallview Circle
3,1339940930,Horten Church,7901504028,8721 Morning Place
2,2911311485,Red Cherrington,3731341861,853 Jenna Circle
3,8841453702,Cicily Duignan,1445347040,347 Prairieview Junction
1,2645350488,Tanhya Gorling,6303918928,5 Bonner Center
3,2956222228,Dilly Hollyar,1315856707,3 Westport Way
1,0753993414,Alphard Rykert,7766143231,0 Ilene Trail
2,8848137245,Hastie Arguile,6757125017,28433 Morningstar Circle
2,6758050955,Thatcher Deport,2459392373,87932 Victoria Street
2,5885193371,Ossie Paver,6758894460,1535 Reinke Junction
2,9161465712,Murray Graveney,8381280255,993 Heath Pass
2,6246832636,Zuzana Rasp,9492153768,2978 Shelley Point
1,5090581118,Elke Kybbye,6053821795,48 Schmedeman Court
1,0550832017,Thornie Lindberg,7065151329,43437 Caliangt Way
1,7338663343,Robby Greswell,1052566841,38484 Corscot Road
1,6577914354,Errick Mance,5013448255,81 Express Junction
1,6329596352,Wit Mein,3148757018,49995 Bay Crossing
3,1886345600,Lutero Mann,4973484702,8301 Hanson Parkway
3,4902511525,Stephenie Curnnok,6553667569,4558 Dawn Street
3,6989500875,Charles Madsen,9001974877,747 Raven Crossing
3,2506130292,Helaina Thying,5231377930,7 Anthes Junction
1,2072751616,Cleavland Keppin,9434318455,410 Holy Cross Avenue
1,6475180750,Averill Garwood,1234519770,6073 Northport Parkway
1,5235319087,Wenona Domokos,5596734079,58 Fulton Lane
2,9771584111,Jojo Dearl,5836255466,8433 Eagan Court
3,2018408437,Kayle Ridgedell,3609157818,60 Victoria Way
2,6022215544,Yancey Alenichev,6421583123,17303 Goodland Way
2,3638160432,Courtney Norquay,6039705686,622 Banding Pass
2,3728673080,Bertine Wimbury,9491722490,59 Anniversary Crossing
3,7086817880,Jorge Christley,7366337190,21 Kennedy Trail
2,8274872924,Laurent Blazhevich,7884366357,79169 Onsgard Hill
2,7786971246,Minerva Martelet,9498352673,71599 Claremont Crossing
3,7095864209,Gayla Kipping,7403091828,1091 Mitchell Way
3,6463825964,Micheal Birley,5991789792,497 Morning Crossing
1,5535391697,Hillary Stansfield,6592622427,492 Caliangt Parkway
2,6786363814,Ollie Kuhlmey,6441940067,853 Algoma Avenue
3,5587096068,Oates Minchinton,5923256201,299 Sullivan Junction
1,8352620029,Fields Fibbens,4055962198,51 Brentwood Circle
1,3112380282,Mart Duley,3467177126,2005 Portage Circle
2,7518046539,Illa Toppin,4023855688,93 Northland Avenue
2,3508886441,Bambie Earsman,5035108090,97770 Kings Court
1,8221724475,Jsandye Ligertwood,6573501399,4 Oak Crossing
3,1576471896,Caitlin Driutti,6488479613,59 Basil Pass
3,6122877662,Audry Moxted,2473979778,97 Vernon Way
1,3489530586,Ferdinanda Osburn,5305108840,364 Manufacturers Park
3,6951865493,Marlo Iannetti,9585866894,84516 Hudson Place
1,6139588707,Brooke Phebey,2737978963,1 Eagle Crest Hill
2,3566264792,Layne Joddins,7679846512,3060 Bluestem Street
3,7773133581,Woody Grimmert,7107138113,713 Emmet Way
2,6453792168,Leilah Parlour,9509374780,060 Southridge Terrace
2,2859980318,Isaak Benkhe,8266256849,343 Monument Court
2,0537804218,Corabel Bamborough,9465914155,908 Bunker Hill Drive
3,5932246235,Jay Drewry,7994076285,812 Spenser Junction
3,2570298549,Lanie Smithers,1526812896,488 Independence Place
3,2727312083,Rosamond Daniells,6317744498,314 Browning Park
2,4521332714,Tiphanie Croyser,3901137642,928 Esch Place
2,4613738172,Cinnamon Zealey,4431197292,40484 Novick Court
3,4847036751,Iolande Buy,6108112248,69 Mcguire Lane
2,9765584776,Sibel Gomme,5568641192,00 West Lane
2,0929570731,Hyacinthe Canedo,5834649092,59770 Pennsylvania Circle
2,8018746141,Stevena Rubes,7702589314,23 Redwing Court
1,2409061788,Ilene Robbert,5083190695,528 Superior Way
2,3349765408,Gualterio Siderfin,7123939225,8 Canary Circle
3,6798140521,Deane McCrachen,5249194381,14153 Coolidge Alley
2,9856259975,Pru Holwell,5638936753,090 Brickson Park Circle
3,5724929244,Ingmar Sieghard,7678549643,3121 Golf Trail
2,3360170156,Ruddy Malby,9375242693,0326 5th Lane
1,5305086930,Dunc Dalrymple,6418081346,4 Ludington Crossing
3,4807013440,Devi Rene,6527679565,3 Badeau Alley
3,0108935027,Wendy O'Murtagh,1233283646,55595 Welch Center
2,6363656249,Andrea MacHostie,8234796386,41222 Donald Hill
2,2098208103,Clemmy McCumesky,7016572990,6 Hayes Junction
1,2485114625,Clarine Cossey,1742472292,5 Banding Point
2,3899593340,Wendye Ruseworth,5157937750,69058 Upham Road
2,0682319872,Jake Rustman,3085959748,5694 Di Loreto Junction
2,7416595681,Fidel Stilgo,6698846922,5 Namekagon Park
2,1917572727,Teressa Doring,8398039671,42 Barby Drive
1,9003534438,Kathy Insole,1812415610,54 Morningstar Terrace
2,7473222376,Lucais Creech,5925809308,3 Parkside Avenue
1,6208835534,Bobbe Aberchirder,7491478849,17700 Kenwood Court
2,2352358655,Corry Hanks,6016424535,61 Arapahoe Terrace
3,2964459762,Davidde Swin,8509741794,036 Pond Way
2,6749426867,Rivkah Barrington,2895569956,9245 Schurz Terrace
3,6548247477,Lynnell Hagley,7272169214,74093 Saint Paul Parkway
2,4280152322,Allin Baunton,3456949733,16 New Castle Alley
1,1047142279,Maryanne Carlon,8724506745,838 Reindahl Trail
1,6546919796,Chadwick Corradengo,3397080022,0312 Holmberg Road
3,6312930718,Roda Thornthwaite,2415969435,82746 Anniversary Way
3,6194992891,Charlene Baudts,6832168986,51694 Warbler Circle
3,4840486581,Emmie Noweak,1709232616,97 Cherokee Park
3,2591864764,Zia Blindmann,5344878482,78 Johnson Pass
3,0422466670,Garland Speller,2407426896,150 Memorial Pass
2,4268501142,Phillida Girdlestone,4184799013,7 Fremont Center
3,0901856924,Iorgos Rosebotham,5854656252,58 Chinook Drive
1,1898409811,Violetta Stoak,3627915262,92 Roth Crossing
2,0509897673,Danie Shalcras,8163902226,95739 Dunning Court
1,9988879938,Chariot Darbishire,5902718996,34 Browning Circle
3,5197499869,Alia Jacquest,6977570074,2 Myrtle Drive
3,6463746150,Kim Settle,3969915688,9 Victoria Circle
