Marks-Predovic,5971844954,Blondelle Limerick
Bergnaum LLC,5255972428,Melodie Di Giorgio
"Dooley, Daniel and Little",7508031822,Rudyard Kitter
"Spencer, Turcotte and Glover",9346153903,Bren Potier
Gerlach LLC,1638636850,Gabriellia Haswall
"Kulas, Marvin and Stanton",2328270786,Daron Joscelyn
Glover Group,1590565193,Lind Skipper
McGlynn and Sons,9808462375,Billy Losty
Olson and Sons,9396548049,Carlene Berkowitz
Yundt-Wolff,8629850469,Cathryn Tofano
Fritsch-Carroll,9605192373,Trudie Million
Gutkowski Group,7266237823,Fanchette Hortop
"Fay, Cartwright and Feeney",9432641082,Luisa Duffan
Bosco Inc,2831294622,Clare McInteer
Fay-Halvorson,5782545119,Reggis Phinnis
Toy Group,4929961599,Susanetta Bosworth
Medhurst LLC,6402451916,Aubine Jost
Simonis LLC,2645135560,Jordain Maylott
Mante and Sons,0948309512,Emanuel Succamore
Runte LLC,2193340080,Pedro Bulbeck
Franecki-Shields,4913090771,Alikee Adnett
"Sanford, Dibbert and Pacocha",1162388900,Genovera Offer
Morar-Kertzmann,5965765444,Noach Urien
Johnston LLC,9359717754,Nessa De Dei
"Daugherty, Sporer and Bahringer",1574728997,Bill Day
Luettgen-Kertzmann,6466456102,Ive Elster
"Stoltenberg, Prohaska and Champlin",7770956935,Ellissa Pollard
Lowe Inc,4165317152,Bartholomeo Hukins
O'Kon LLC,7290042425,Terri Aleksidze
Schowalter-Grimes,5634024358,Grover Peck
Kunze-Stracke,5291412186,Cherlyn Hamfleet
"Padberg, Auer and Hickle",9341421616,Caresa Fison
Hessel Inc,3359087763,Babbette Bernini
"Cole, Huel and Barton",3191521267,Marlane Abyss
Cruickshank-Lehner,1112749721,Haskell Langfield
Kohler and Sons,1855521938,Dick Anstice
Schuster and Sons,9215127291,Eddie Greenleaf
Abernathy Group,1559755024,Abner Veevers
Prosacco-Reynolds,0225526328,Jaquenette Bullers
Sawayn-Daniel,6818537324,Berke Boustead
"Gerhold, Beier and Roob",4538978612,Dimitri Sondland
Gaylord-Fisher,9102123223,Karol Wooderson
"Willms, Abernathy and Schumm",0302317244,Audry Neising
"Mueller, Pouros and Labadie",9958286513,Glennie Maynell
Braun-Gusikowski,7104479058,Reinold Bilborough
"Hackett, Nicolas and Jast",0780779983,Shae Heffy
Connelly LLC,1328110354,Minni Merrisson
"Williamson, Johnston and Aufderhar",5596018244,Lorita Eilles
Fay and Sons,3972880251,Ramon Ketts
Gutkowski and Sons,4174866619,Kaela Toogood
"Eichmann, Reichert and Klocko",7667117357,Brandy Baudi
"McKenzie, Berge and Leffler",9097734606,Burton Harty
Adams-Kulas,1876294914,Franky Vaudin
"Fahey, Streich and Koelpin",3790659983,Davis Brookhouse
Ward and Sons,3024597948,Fonz St Quenin
Reichel-Reilly,7540038098,Demetris Sappson
Parker Group,2333966300,Odilia Chantrell
Green Group,6315458769,Ross Albrook
"Paucek, O'Kon and Ferry",7750860568,Emlyn Thurling
Schuppe-Rogahn,7812138038,Augustina Kinchley
"Olson, Bartell and Lueilwitz",9513161501,Dennie Grishanin
McDermott-Johns,3437200399,Bradan Preator
Corkery and Sons,9081778633,Kenna Callear
Hirthe and Sons,2010375114,Eva Kellart
Jones-Murphy,1452834547,Fayina Busfield
Kuvalis LLC,8957927174,Grata Montrose
Willms and Sons,5055518456,Viole McVaugh
Pfannerstill-Carroll,4123207650,Ulrikaumeko Martyn
"Fay, Bosco and Hansen",0478704739,Maggy Akroyd
Hickle and Sons,9195044507,Wilhelmine Stogill
Kautzer-Boyle,1684757134,Madlen Sextone
Miller Group,7482940596,Raina Harrie
"Batz, Conroy and Quitzon",8995287861,Nadine Gapper
"Wolff, Schowalter and Cummerata",2264200944,Celestine Baume
Ratke Group,9748514218,Cosimo McTrustrie
Price Group,4597930434,Wainwright Allwell
Raynor LLC,4221429836,Brian Gayter
Kuphal-Brekke,7080272882,Deerdre Kinforth
"Frami, Lesch and Homenick",0258148195,Sandy Pfeuffer
Wolff Group,0090650190,Donal Kuhndel
Carter-Schultz,8046665258,Goddart Burndred
Baumbach and Sons,8354911713,Odetta Hovy
Marquardt-Macejkovic,2864170663,Lorine Clewarth
Murray-Weimann,0230296777,Heriberto Danzig
Harvey Group,9357625836,Berkie Earles
Stiedemann-Terry,9187283301,Farra Pollok
"Farrell, Dare and White",2142501702,Nadya Trolley
Abshire-Adams,0589213539,Delaney Skegg
Haag and Sons,9986104386,Ludvig Mugglestone
Robel Group,6470617530,Mohammed D'Avaux
Nolan-Walter,1399806173,Llywellyn Simnel
Buckridge-Batz,5813549471,Cherie Nicholson
"Sauer, Yundt and Beatty",1993914315,Jasmine Danielis
Medhurst LLC,2459723199,Merrick Crofts
Hilpert-Hyatt,6640729741,Broderick Dufaur
"MacGyver, Kassulke and Hettinger",0571549373,Blithe Pfeffle
Jacobs-Rempel,0085126306,Devan Alenov
Vandervort Group,4741128571,Betti Barton
"Wisoky, VonRueden and Kling",8977093821,Devin Knowlton
Stamm Group,7692500312,Sean Dryden
Williamson Group,1904189830,Rolando McAneny
Roob-Macejkovic,1677867124,Marylee Whibley
Miller-Powlowski,6528813965,Casi Jenne
Bernier-Tremblay,2967906697,Noam Rapelli
Hoeger and Sons,2540931294,Simone Petyanin
Jacobs and Sons,4691808574,Malory Macellar
Runolfsson and Sons,6312058697,Leanora Bullus
Mitchell-Herzog,2142646417,Lanie Keveren
"Flatley, Kshlerin and Rath",5577843383,Ferrell Poulsum
Bradtke-Koepp,4793466036,Hayden Hainning
Borer-Howe,2899980025,Cyndy MacMeeking
Lang-Ziemann,2677693054,Isidore McNirlan
Bauch Inc,2543828893,Fernando Punyer
Volkman Inc,5826459956,Jaymee Redon
Wunsch LLC,0664337619,Arleen Bernardo
"Douglas, Smitham and Kessler",2460745869,Greer Oughtright
Aufderhar LLC,4887171919,Georgette Shadrach
Bergstrom Group,1355171350,Lynett Jameson
Jacobs and Sons,8652385068,Sosanna Berg
Kuphal-Cummerata,6692977525,Melisse Tolomelli
Abshire-Gleichner,2232218600,Carlin Wyman
Altenwerth Group,8360765898,Maddie Swannick
Reinger and Sons,6570788590,Aluin Magog
Shields Inc,4844902903,Marcia Reichartz
Will Inc,0217829872,Georgina Piaggia
Powlowski LLC,0857243004,Brittney Arboine
Ritchie LLC,0705353567,Steve Hutchcraft
D'Amore and Sons,2475636718,Vince Lage
White-Kessler,9805248941,Steffane Rogers
"Morar, Schmeler and Volkman",2232517322,Jourdain Krzysztofiak
Wilderman-Graham,2419851218,Karole Tussaine
Towne-Miller,7710807402,Masha Cleve
Hauck LLC,6398384989,Tracy Polo
"Veum, Wehner and Kovacek",9784529408,Lezley McCandless
"Barrows, Ortiz and Kohler",9691250543,Granville Martinyuk
"Doyle, Gutkowski and Green",3578951137,Walt Arlt
Dach-Nienow,6893962169,Henrietta Egre
Davis-Jerde,9590103642,Buddie Mattiato
Mayer-Mohr,3216707547,Lorie Alred
McClure Group,1253060053,Byrann Wotton
"Bayer, Herzog and Kuhlman",6129919670,Karlee Nolot
Berge Group,9382863567,Scott Batthew
"Cassin, Langworth and Smitham",6632174914,Randell Scafe
Durgan Group,2044419688,Elroy Powys
Maggio-Kuphal,1436663520,Johanna Blow
"Hahn, Haley and Nader",9529701756,Jule Vero
"Christiansen, Parisian and Schiller",4023497371,Regina Patey
Runte and Sons,2392363323,Koenraad Eles
"Hodkiewicz, Harvey and Beatty",0621245097,Idette Housecraft
Huels-Osinski,4591306658,Shelly Showell
Carter and Sons,0621448265,Jyoti Clarey
Schoen Inc,5394843376,Buffy Abarough
Schuster LLC,4732843999,Jillayne Illing
Lueilwitz-Dickens,5753868363,Zebulen Rispen
Stehr LLC,6100189909,Ritchie Blacklawe
"Konopelski, McGlynn and Adams",1240225288,Dionysus Slocom
Rodriguez and Sons,8658056287,Noe Herion
"Wilkinson, Schmitt and Bergnaum",5140912511,Nelia Krikorian
"Schiller, Adams and Cummerata",2127266870,Lanita Lawrie
Hammes-Goodwin,4270597275,Dorey Bolzmann
"Lindgren, Stiedemann and Kihn",2022759974,Devonna Keeney
Towne-Windler,2873091436,Paige Manthroppe
"Herzog, Runte and Renner",0170908992,Justus Ilyunin
Becker LLC,4562256303,Charmain Woodcroft
Halvorson-Haag,9391681476,Nari Frarey
"Corwin, Gutmann and Hodkiewicz",0937506303,Mary Lentsch
"Balistreri, Hickle and Erdman",4789681394,Renie Inderwick
Witting Inc,7200153877,Barton Stronge
"Pouros, Ryan and Feest",3056284775,Hermon Carnock
Wilkinson-Ward,0617403279,Willdon Wolfendale
"Considine, Berge and Lubowitz",8620221205,Wes Caulton
"Zemlak, Gutkowski and Simonis",1073037797,Fidel Coleridge
Wehner-Wolff,9508985577,Brianne Duddan
"Harris, Daugherty and Corwin",4134941415,Corbin Danbye
Bergstrom-Ziemann,5289810269,Martynne Hammerton
Kuhn-Walker,2293747417,Carly Matfin
"Littel, Haley and Reilly",1681586932,Zea Boatswain
Bradtke and Sons,9469732146,Cosetta Steele
Thiel-Streich,1534410805,Husain Islep
"Casper, Dibbert and Wisoky",7761096732,Casar Rollin
"Doyle, Murazik and Bayer",0906649226,Iorgos Rudyard
Kassulke-Pouros,0001294024,Chloris Dries
"Purdy, Vandervort and Huels",3849178366,Chariot Grievson
"Dare, Wisozk and Treutel",5712426307,Christa Greenrde
Mitchell-Padberg,9979800461,Windham Adolfsen
"Dietrich, Wiza and Lubowitz",7649179222,Christy Mixture
Wolf-Emard,1639775927,Tabb Ferrillio
Treutel Inc,3459049189,Willow Mainson
Reynolds and Sons,2903490619,Shaine Bellin
Dicki-Gaylord,3049058897,Kacie Thursby
Brown Group,2063903387,Dorena Legges
Gislason-Considine,7145716305,Brnaba Bastow
Bogisich-Pacocha,8245276529,Berni Zelner
Hessel-Walsh,4006670826,Patton Hamflett
Hudson-Anderson,5147856919,Ephrayim Arunowicz
Collins-Gaylord,4256292640,Fiorenze Avent
Glover-VonRueden,8952088492,Jillene Dollard
Koch-Dooley,4313096817,Ophelie Staning
Yost and Sons,1826474218,Josey Mournian
Schimmel-Mohr,4581030315,Kippie Kubacki
"O'Reilly, Hahn and Monahan",4474525477,Angelico Bugden
Bogan-Ledner,7986863110,Nobe Springthorp
Wuckert-Rempel,8652249571,Thelma Vakhrushev
Kertzmann-Bartoletti,6624854855,Janene Baskerville
"Lynch, Christiansen and Breitenberg",2290932361,Rowan Lipsett
McCullough and Sons,9478468839,Mellicent Dishman
Monahan Group,7299978784,Jordon Stansall
Collins-Bahringer,2994216418,Korry Briand
Stark and Sons,4646239841,Rowen Botton
Crist-Tremblay,9988154682,Kessiah Voas
"Jast, Russel and Stracke",0592715671,Waldemar Geer
Berge Group,8689493638,Sashenka Pietruszka
Stark Inc,4866682469,Paquito Bickle
Nolan-Swift,4833993309,Butch Bicker
Dicki Group,6258039804,Letti Gregr
"Paucek, Lang and Koss",1218645652,Fitz Glowacki
"Baumbach, Morar and Runte",4933488452,Bili Stych
"Walter, Berge and Weber",2447173598,Viviyan Clemoes
Abernathy-Hammes,1841949760,Rebekkah Carff
Gleichner LLC,2913249558,Brittne Fittis
Johnson-Kautzer,6243373266,Barbaraanne Oxenford
Dooley-Gibson,8188526967,Caesar Dik
Prohaska LLC,2192752091,Carce Lippiett
"Wintheiser, Waelchi and Rippin",9927028636,Irene Faudrie
"Stracke, Nolan and Wyman",7884538431,Renato Simmonds
Donnelly-Russel,0725337982,Karel Thompstone
O'Reilly-Wisoky,1364615355,Daffi Terrill
"Schmidt, Littel and Tromp",6165603793,Noah Blagdon
Auer-Rath,0382437314,Aldon Kippins
"Graham, Kihn and Turcotte",5362548050,Kean Walster
Powlowski Group,9424527179,Janie Nussen
Rempel LLC,6194747889,Wallie Skillicorn
McKenzie LLC,2364821193,Warner Cappell
"Monahan, Reynolds and Bartell",4154622846,Dannye Dennett
"Hintz, MacGyver and Hegmann",3861949954,Selinda Serginson
"Beier, Feeney and Hand",3628744644,Geraldine Cahen
"Ernser, Kautzer and Rowe",1686560885,Norry Kydde
Little-Lesch,6731259268,Ian Breukelman
Dietrich-Schowalter,5524597167,Jerri Sidden
Wuckert and Sons,8329974324,Zelda Clewes
"Homenick, Conn and Fadel",5737253325,Bell Pesak
Tromp Inc,6745836742,Shalom Peat
Schuppe-Rodriguez,2694571727,Orella Moodey
Hintz-Kling,9165350936,Neda Lilley
Welch-Mante,2967640271,Maxie Richardes
Barrows LLC,5498342357,Lexy Allchorne
Moen Group,5896427409,Sacha Machel
Watsica and Sons,6507424293,Chas Llewellin
Metz Group,1687181837,Ynes Cowie
Beatty Group,7704628917,Broderic Cockram
Greenholt-Dickens,9926106498,Nicolis Clemow
Hansen-Reinger,9838067776,Maurise Stolz
Brakus LLC,5364550729,Jenine Pickring
Schmidt Inc,4898140351,Grayce O'Neill
Ortiz-Schmeler,5586072432,Marchelle Cristofolo
Hilll-Hoeger,4286174689,Chelsy Vant
Balistreri-Wyman,0179488325,Brock Warrell
Terry-Kris,3638623300,Susie Arington
"Orn, Funk and Cole",6466688321,Codi Ambrogiotti
Howe-Barrows,9647793383,Page Persence
Bergstrom-Zulauf,6992553569,Gavan Apperley
"Runte, Sporer and Goldner",6980776215,Brandais DeSousa
"Corkery, Williamson and Morar",4152460059,Caprice Ginni
Crist-Bayer,1338604686,Sidney Hedingham
"Beer, Fadel and Towne",0804288542,Cynde Firmage
Kilback-Littel,1692215043,Buddie Bortoletti
"Hermiston, Rodriguez and Breitenberg",8206059652,Allin End
"Greenholt, DuBuque and Lowe",4219082166,Estell Proud
Roberts Group,5417144932,Olivie Bastiman
Fay and Sons,6181898492,Merline Skene
Cummings-Koepp,9228164743,Tyrus Richardin
White and Sons,8920314926,Hamlen Lanceley
"Krajcik, Torp and Thiel",1233902385,Nevil Ivanuschka
Bergnaum-Corwin,8478949232,Shelley Stooders
Stiedemann and Sons,8788599248,Ibrahim Ivannikov
Gutmann LLC,5032047864,Hortensia Mallia
Tremblay-Prohaska,3688202058,Ransell Berthomier
Medhurst Inc,5768005048,Katheryn Grimsdale
Schowalter LLC,0713076437,Jacintha Hens
Funk Inc,7640951291,Marleen Fernao
Torp-Walker,2149118130,Linea Loughman
"Sipes, McGlynn and Nader",4718541425,Isadore McKimmie
"Moen, Konopelski and Runolfsdottir",2013988044,Albina Cheson
Wisozk-Hills,6567510986,Ky McReedy
Cummerata-Grady,5660657907,Urbano Clubbe
Rippin LLC,2412614814,Neall Pendleton
"Lesch, Goyette and Klocko",2003270442,Madelena Makeswell
Parisian and Sons,9592054444,Gwenny Cruft
Bartell-Reinger,5612039271,Kienan Lamers
Lakin LLC,7182866897,Ethelred Aldwinckle
"Schoen, Treutel and Reichert",5446062183,Demetris Vannucci
Pouros Inc,8733559228,Karylin Pettendrich
Jast Group,3425253115,Aldous D'Aeth
Kautzer Group,6358050508,Lynett O'Murtagh
Littel-Hackett,7702912162,Ambros Swayton
"Lowe, Cummerata and Heathcote",0410962112,Wilhelm Jellman
Cummings and Sons,0946990530,Carmela Jenk
Schimmel LLC,4549519592,Clemens Tremolieres
"Crist, McKenzie and Reilly",2628837625,Rozella Wratten
Yost and Sons,1508038066,Priscella Leither
Larkin and Sons,4521007112,Elke Roston
Cole Inc,7534416760,Hans Sazio
Rowe Inc,0831039191,Van Caban
Ebert LLC,1829339214,Mathew Boman
Greenfelder LLC,4306713156,Brady Gail
Lindgren Group,1344270166,Gayelord Gimbrett
"Wiegand, Lakin and Rutherford",4404423551,Jenilee Coraini
Anderson-Considine,4217609000,North Cawte
Mohr and Sons,7139628130,Payton Leggen
"Wintheiser, Swift and Abshire",9206325043,Masha Slad
Wuckert Group,6203317322,Rees Sillwood
Nikolaus LLC,9751019958,Catriona Ameer-Beg
Schumm-Denesik,5628012572,Denys Iggo
O'Kon-Cruickshank,8531675421,Bendick Cranch
"Nader, O'Keefe and Rippin",3195349442,Tedd O'Day
"Harvey, Schmitt and Wuckert",1789194687,Ame Gilbard
Schaden and Sons,9567168598,Corinne Milburn
"Parisian, Satterfield and Walsh",9642767813,Dorella Bengochea
"O'Conner, Will and Corwin",3111930114,Darrin Simonson
Muller and Sons,7100324831,Shaw Crocetti
Block-Johnston,1765814855,Masha Davidowich
Rutherford Inc,9360572276,Gweneth Fivey
Hickle-Walsh,7360170168,Osmund Gleadhall
Walker-Cormier,7741134418,Kevon Elham
Greenholt Group,1116315793,Chandler Quakley
"Wolf, Schimmel and Effertz",1911717499,Gale Tarte
Dach-Daniel,8818200348,Laurel Choldcroft
Mueller-Hoppe,8595385602,Adlai Game
"Romaguera, Upton and Boyle",0262698927,Ferdie Thumnel
"Legros, Hartmann and Keeling",3408078645,Cally Currm
Leannon-Ruecker,4958237933,Andee McCurt
"Barrows, Kshlerin and Cormier",1733941541,Baldwin Soden
"Schultz, Shields and Osinski",3432679785,Jemie Shoesmith
Wintheiser Group,3537957459,Perl Legrave
Stoltenberg Group,3913815201,Wallache Dumini
Schinner LLC,0829924906,Ketty Lazarus
"O'Conner, Dooley and Schmitt",2838759647,Jecho Inglesfield
Ernser-Kozey,2929847697,Waylen Tanser
"Langosh, Torphy and Barrows",3211670777,Carlina Behr
"Fahey, Mertz and Leannon",8760511834,Janessa Strete
Frami Group,1881544648,Hewet Foort
Marks and Sons,3582049647,Louie Lottrington
Maggio Group,7803399541,Eugenie Dutt
"Steuber, Dickens and Eichmann",2943317462,Adriana Blake
Rippin-Schowalter,7404154049,Mariel Gurry
Hansen-Mitchell,6636710071,Willard Juza
Watsica-Walsh,5976207987,Selle Capper
Schmeler LLC,5176133156,Gage Rand
Treutel and Sons,3420865929,Farlie Shovelton
Balistreri LLC,8322711913,Halette Ajam
"Harber, Quitzon and Rowe",2716866538,Bernadette Jedrzaszkiewicz
"Dare, McLaughlin and Flatley",3633394206,Lauritz Hedlestone
"Ziemann, Wiegand and Lebsack",6036429967,Helge Manoch
"Kreiger, Rath and Lindgren",9906928689,Correy Ayscough
Wolff Inc,1850339724,Kiley Zecchetti
Bashirian-Runte,3780498316,Coletta d' Eye
"Okuneva, Purdy and Wintheiser",1582429367,De witt Northall
Mraz-Bradtke,4147759939,Arlyn Dabnor
Bosco LLC,5077138214,Ashlen Ilyenko
Eichmann LLC,1662685033,Marleen Tindall
Osinski Inc,6193315675,Audrie Crouch
Roob-Doyle,7056024661,Bryn Oldnall
Hayes-Turner,6257115132,Brendon Stellino
"Mills, Walker and Funk",8036242826,Leon Simmen
Will Group,6159355708,Brewer MacDermid
"Tillman, Satterfield and Hirthe",5980408673,Brittan Pach
Bode and Sons,9937330076,Derby Spires
Walter-Aufderhar,8442146105,Sayers Avesque
"Torp, Steuber and McClure",9376329813,Sibylla Depper
Stamm Inc,6996273919,Mart McKaile
Miller-Swaniawski,3763178619,Cooper Lethabridge
Walsh and Sons,0328699780,Pietro Gierek
"Smith, Halvorson and Pacocha",9455785269,Tamar Ferns
Leffler LLC,4974410318,Fonzie Guinness
Sipes-Gusikowski,3547881870,Tamqrah Finn
Buckridge and Sons,7122487075,Joline Culross
Nikolaus LLC,6826862476,Wang Philipp
Marvin Inc,0172243513,Lenora Tuma
Kessler and Sons,6259119348,Sabra Di Nisco
Schroeder LLC,3169545159,Kelci Hurren
"Stehr, Parker and Herzog",1195652453,Eberhard Batterham
"Ernser, O'Reilly and Cummerata",9623306628,Antonina Crunden
Muller-Barrows,9113810871,Morissa Rait
"Johnson, Kutch and Sawayn",7550554900,Imelda MacAskill
Hartmann-Bradtke,7086033014,Mina Baudin
Doyle-Miller,4277981321,Blondie Handling
Walker and Sons,6679762685,Buckie Chipping
"Wilderman, Reinger and Macejkovic",3584725143,Abbi McSperrin
"Johns, Langworth and Schmeler",4746587558,Colin Skipton
Haley-Mayer,0008202435,Reed Mager
"Donnelly, Gorczany and Murazik",0733620132,Timi Ashard
Rogahn-Toy,1774750767,Bradford Dwelly
Becker-Renner,2875260693,Kessia Cheverell
"Upton, Bashirian and Kovacek",7663286642,Marnie Stag
"Hand, O'Kon and Carroll",2193522790,Marlee Shill
Beatty LLC,2016148578,Mick Narraway
"Ledner, Trantow and Schimmel",3652213947,Dodi Loakes
Schowalter-Boyle,6815870111,Cherye Dumbelton
Lemke LLC,0268539499,Chaunce Sapena
"Cartwright, Braun and Larkin",2596673525,Yuri Heppner
Jacobi-D'Amore,8688404186,Bondy Frohock
"Ebert, Reynolds and Erdman",9371117591,Trina Forte
Rutherford-Gibson,4710150729,Arline Stuttard
Hane-Kuvalis,5360239980,Blaine Grinov
Lueilwitz-Flatley,8108302781,Josie Dunguy
"Lebsack, Reynolds and Yundt",1862516162,Armstrong Burling
Hansen LLC,3115672187,Archibaldo Lorenzini
Dietrich Inc,4059559229,Mercie Fradson
Bahringer-Lesch,3778949861,Joshua Bienvenu
Ratke LLC,2584732866,Brita Chastel
"Stracke, Weissnat and Marquardt",0645463493,Ettore Langthorn
Jerde-Kuhic,2113992841,Caralie Jansky
Boyle-Runolfsdottir,2616655020,Byrann Danes
"Waelchi, Welch and Cummings",4734077517,Denys Gutridge
Weber-Monahan,8783298762,Atlanta Wreford
"Ondricka, Luettgen and Kozey",0069891265,Fredra Soutter
West-Boyer,6913072880,Elisabeth Tierny
"Christiansen, Doyle and Glover",4133840496,Nehemiah Creeghan
Huels LLC,7879543627,Jimmie Amiranda
"Osinski, West and Heidenreich",2393536507,Datha Trevallion
Fay-Veum,7003469081,Dannye Maxwaile
Crona-Crooks,4375177578,Annabelle Myerscough
"Metz, Nienow and Moore",3771512514,Dianna Dinwoodie
Nolan-Ferry,3632148546,Vail Fackrell
"Hintz, Kub and Kessler",7494082328,Fancie Petschelt
Huels and Sons,1141393409,Amby Hurton
"Ryan, Emard and Casper",6729542004,Luis Boothebie
Swift and Sons,3769395379,Rene Bonfield
"Reinger, Klein and Shields",1484188837,Sherry Lottrington
Leffler-Willms,9043920576,Beau Bexley
Osinski-Wolff,9293830086,Mireielle Stetson
"Dickens, Hudson and Schaefer",7796080794,Orel Willoughway
Morar-Rau,3210707634,Klarika Florence
"Fritsch, Lemke and Walker",5727096294,Nealy Taggerty
"Nader, Schoen and Nolan",2231272008,Shae Ramm
"Lakin, Turcotte and Nienow",1682264556,Rayshell Janaway
Haag Group,8188350265,Der Whybray
"Orn, Schinner and Kassulke",5834275656,Tobiah O'Cannavan
Gleichner LLC,9425216770,Haily Simkovich
Marquardt Inc,2517651558,Otes Bastone
Mueller LLC,2958980359,Lazarus Bonnin
"Kuhlman, Greenfelder and Mills",2161697463,West Le Sarr
Corkery-King,1222016842,Valentine Ilott
"Parisian, Smith and Greenholt",5650819505,Jeanne Leivers
Zulauf-Vandervort,3328913645,Tresa Argont
"O'Hara, Wuckert and Bogisich",3963224363,Jessie Towsey
Feest Inc,8068158014,Henrietta Dalgliesh
"Greenfelder, Cassin and Kuhlman",8700037915,Averell Growden
Muller-Towne,0947374604,Nadia Seelbach
Zemlak Group,2768259691,Gwendolen Verzey
"Hermann, Emmerich and Bahringer",2143542410,Zara Pennycuick
Gibson-Stark,6279221474,Morrie Melland
Beatty and Sons,3936571937,Brear Fulger
Robel Group,9766693595,Alphard Joblin
Kris Inc,2539722946,Kasey Janjusevic
"Krajcik, Okuneva and Nicolas",7095390959,Jillana Musselwhite
Labadie-Beer,3435975865,Lyssa Spitell
O'Keefe and Sons,2827962667,Dominik Levy
"Stanton, Jones and Tromp",8107241266,Birk Barajaz
"Hayes, Moore and Towne",0227973240,Brooks Baltrushaitis
Casper Group,3197495128,Frank Durnan
Boyer-Gaylord,4778796136,Cristabel Klimpt
Keeling-Bernhard,7829537623,Virgina Everill
"Kilback, Sawayn and Runte",1931968594,Esme Beccero
"Hyatt, Hermann and Nader",6286758410,Val Nassey
Koss Group,2081003317,Shantee Rosenblum
Moen LLC,3855854483,Gayle Tavernor
"Casper, Will and Powlowski",4686383854,Jobey Gosden
Predovic-Ondricka,6762589243,Kevon Antoniak
Strosin-Beer,1182984746,Joane Goard
"McLaughlin, Doyle and Corwin",2172576530,Lawrence Steer
Stiedemann-Skiles,0155652303,Sigismund Giabuzzi
Gerhold Group,0642511489,Marlow Chang
Johnson Group,7156262823,Amandi Gostridge
Hills Group,9512086204,Kip Collacombe
Dibbert Inc,6829331978,Nye Standring
"Walsh, Steuber and Kohler",7479097662,Lilah Foxcroft
Schumm-Bogan,1598748173,Bartel Lovick
Ankunding Inc,5920090154,Chucho Rider
Kiehn-Murphy,1050826310,Morganne Potteril
Lang Inc,0445234458,Knox Lescop
"Emard, Emmerich and Wehner",4639019963,Norean Ledbury
Kuhic Inc,4349088873,Gibb Angear
Wisoky and Sons,2574911423,Victor Ripon
Smitham-Breitenberg,3858030791,Hagen Beaver
O'Connell-Lebsack,6380543074,Benni Barbier
Ryan Inc,4263532872,Jorrie Domange
"Zboncak, Jacobi and Yost",1414361351,Danit Speakman
Nitzsche-O'Hara,5402290725,Blair Wildbore
"Funk, DuBuque and Leffler",2859534113,Fenelia Domleo
"Kulas, Schulist and Smitham",7732025059,Leodora Preedy
Aufderhar-Jenkins,7565796271,Rosabel Ciccetti
"Anderson, Effertz and Stroman",1870737016,Wilona Phil
McLaughlin-Larson,0293093032,Adrien Parell
"O'Kon, Hermiston and Ortiz",3673639544,Leanora Mackness
"Brown, Botsford and White",5504684889,Eziechiele Luckcock
"Farrell, Kunde and Quigley",0515391085,Leland Gaughan
Lockman Inc,8301455675,Esme Bayley
O'Hara-Roberts,3521344479,Joana MacDermid
"Lakin, Cummings and Bruen",4736641630,Karilynn Robbs
Pfeffer and Sons,8210440284,Chandler Cowlin
Prosacco LLC,6248090572,Giselbert Kunes
Cummerata-Dicki,8501508748,Fenelia Owers
"Morissette, Gutmann and Marvin",5817905396,Sanford Scatchard
Jacobs Inc,1620888327,Madelin Corser
Bahringer Inc,7422664142,Madison McLaughlan
"Hayes, Schmeler and Goodwin",2525054180,Corrinne Richt
"Keeling, Vandervort and Walker",7146977714,Lazare Vause
Weissnat-Feest,4677109672,Kaitlyn Waliszewski
Grimes-Kuhlman,8578611721,Guthry Zanetti
"Stamm, Corkery and Kassulke",6701519245,Gris Lovelace
"Goyette, Kris and Dicki",2224826958,Min Ledgeway
Nitzsche-Fadel,4274457982,Yulma Tomankiewicz
"Waters, Kuhic and Emard",2264461675,Helge O'Loughane
Stark Inc,0095099999,Valdemar Keble
Streich LLC,9634987524,Lucina Rait
Krajcik LLC,3241368157,Artur Statersfield
"Bauch, Wyman and Muller",6013825203,Therine Minards
Berge-Weissnat,9649117733,Urson Dench
"Casper, Barrows and Lockman",3182869582,Lukas Morde
"Haag, Cremin and Roberts",9377478944,Tonya Shelmerdine
Cole and Sons,2796072592,Tiffanie Berk
Bartoletti-McClure,0252578953,Oneida Dagon
Conn-Boehm,1082794902,Shaina Clears
"Harris, Kihn and Deckow",7773240671,Friederike Gotmann
"Marvin, Schuster and Stanton",8872751055,Emlynn Dumphry
Kunde-Marquardt,6699334085,Montague Georgeson
"Mertz, Abernathy and Yundt",9795593048,Marielle Schollick
Kuvalis-Baumbach,4363292822,Vilhelmina Beany
Frami and Sons,3506341383,Eugen Turfitt
Osinski and Sons,2734738996,Adey Diviny
Kunde Inc,0243817347,Merrill O' Meara
Jakubowski Inc,0459651080,Cacilia Kidby
Hyatt-Kunde,8784411406,Pren Mantram
Quigley Inc,9242919721,Garek Bales
"Leffler, Dickinson and White",6118313687,Gianna Sleeford
Abshire Group,0949555495,Carissa Streak
Kuhn-Kemmer,9238943346,Harmon MacNeill
Ankunding Inc,3729692046,Rosemarie Varlow
Blick Group,7816402066,Cary McMychem
"Homenick, Feest and Kub",1318215579,Werner Lathan
"Bogan, Walker and Christiansen",8257829234,Vladamir Brigg
"Baumbach, Borer and Oberbrunner",0072430273,Sena Matejovsky
Rogahn Group,8611399110,Robbert Todari
Gorczany Group,4966741270,Cyndy Reeman
Hettinger Inc,7412039903,Ryann Wensley
Larson Group,4998934422,Evonne Amaya
"Erdman, Franecki and Schinner",9349484390,Ursola Todman
Kovacek-Haley,3365623523,Pietro Kupker
"Toy, Rodriguez and Senger",6624931175,Daile Pentony
Cummerata-Deckow,6251340959,Mohammed Dinse
Quigley and Sons,1869417917,Dulci Bursnall
Bednar-Morissette,6300858464,Howie Ruler
Daniel Group,7599655891,Zacherie Joannidi
Ratke and Sons,8529574214,Hyacintha Stanger
"Hammes, Feeney and Franecki",1656393778,Bonnibelle Carbine
O'Conner Group,3400028290,Moe Marran
Kassulke-Hessel,8871182421,Rayner Currm
Hackett-Kunze,2079875086,Casie Hehir
Rohan LLC,4586066830,Gregg Dunnett
Ratke Group,3952300187,Ruby Hofler
Sipes Inc,7157326191,Jackie Shields
Gulgowski-Cummings,1116776790,Arnaldo Tie
"Heidenreich, Boehm and Aufderhar",0977849066,Stefan Belly
Marks Inc,6898095579,Kerry Whorall
Moore-Olson,1586885006,Eugine Stiegers
Kutch-Cormier,4988960854,Myron Boyce
"Windler, Stiedemann and Buckridge",2046326857,Idalia Iliffe
"Jones, Abshire and Mann",0857836625,Cristabel Masedon
Bartoletti-Bernier,3844862749,Danyette Winchester
"Gusikowski, Armstrong and Thompson",1270265601,Nannette Hext
O'Keefe LLC,9157791449,Delmor Conant
"Abernathy, Reynolds and Adams",9623770308,Kath Beaton
"Toy, Stanton and Rohan",3121868306,Elayne Giampietro
"Huels, Cartwright and Collins",0680908633,Sandie Wyvill
Keeling and Sons,2683465726,Brennan Demangel
"Roberts, Farrell and Ward",8661694949,Danella Messum
Thompson-Stoltenberg,4230795483,Tabbie Swanton
Huels-Mraz,3488229521,Wat Trever
"Graham, Senger and Lang",6936747191,Marcel Leetham
Bednar LLC,2492033880,Ellis Leguey
Davis-Little,8341093251,Bondy Ilott
Kuhn-Olson,2099200068,Robenia Missington
Treutel Group,6075351795,Kelsy Lamps
Gutkowski LLC,7897710823,Eadith Koba
Rau and Sons,1202183972,Imogen Sunderland
Bogisich-Wehner,8970076751,Waldon Easman
Grimes LLC,0453659667,Nevins Cobbled
"Johns, Christiansen and Conn",5179932831,Tamar Georgievski
"Botsford, Jast and Kilback",8159841523,Lishe Shemilt
Fay Inc,6370893706,Jasen Safell
Herman and Sons,8312603689,Victor Varsey
O'Keefe and Sons,7048527544,Perrine Witherbed
Stehr-Senger,4498523962,Nester Birkenshaw
Reynolds Inc,7449513978,Emalia Hammerson
Smitham LLC,1643062190,Ethelind Buckerfield
O'Keefe-Armstrong,2413027106,Hubie Middell
"Wehner, Erdman and Sipes",4018188714,Vinny Heibel
Lemke-Fahey,3321847280,Demetris Huetson
"Hammes, Pfannerstill and Weber",6027026847,Kerry Manzell
Little-Price,6145398884,Noell Kermott
"Spencer, Bailey and Wunsch",8676444803,Gaile Pfertner
"Heller, Shanahan and Rutherford",8144310896,Reidar Ivanchov
Spencer-Fadel,1481457683,Zola Aldington
"Quigley, Langworth and Pollich",2260408451,Roger Fishpond
Ryan-Baumbach,6329008272,Maisie Yansons
Grimes and Sons,4626510469,Clementius O'Hagan
Schmitt Group,6268912462,Esme Paolacci
Mayert LLC,0594184088,Winfield Harbison
"Feest, Kassulke and Pacocha",2820539769,Fairleigh Corney
Heller-Ortiz,3507121255,Vanya Tremollet
"Ward, Purdy and Kiehn",4697245296,Winston Handrahan
"Fadel, Baumbach and Beahan",2747965171,Liam Di Nisco
"Emmerich, Torphy and Renner",9713492226,Allyn Hall-Gough
"Heathcote, Koch and Beer",7717146355,Dasi Landells
Hegmann and Sons,9217206342,Malinda Trass
Mayert-Bosco,5938490359,Renate Agates
Tillman Inc,5432531348,Elijah Mungham
Hintz-McGlynn,8307617375,Hendrik Piccard
Reichert-Pagac,2059656893,Engelbert Hadland
Feil-Nicolas,9835064725,Carmen Costen
Herzog Group,4707470270,Juliette Domini
"Gaylord, Goodwin and Pfannerstill",7646873217,Gibbie Trimmill
Jerde LLC,7689707548,Berri Lomasna
Koelpin Inc,2552671470,Blake Derisly
Lowe Inc,1733306099,Theda Parrot
Leffler Group,1317886496,Lena Lock
Emard-Labadie,5758698296,Marthe Magenny
Connelly-Halvorson,5980958606,Othilie Simonato
Emard-Upton,1895503310,Callean Lyford
Bergstrom Inc,4821057948,Shaun Grand
Romaguera and Sons,3205507665,Yves Hacaud
Armstrong-Prosacco,5707517936,Celesta Buckley
Lind and Sons,4285509415,Sheridan Forri
"Hauck, Wiegand and Nitzsche",3987242817,Almira Carme
"Thiel, Russel and Ullrich",9130438888,Rickert Lorrie
Rutherford-Beer,8117957833,Hilary Oggers
Doyle Group,1720151466,Stefa Gage
Smith LLC,9873190678,Jo Mitchelhill
Bogisich and Sons,2192915748,Tiphany Rothert
Donnelly Group,9619316401,Velvet Jacobsen
Halvorson-Altenwerth,7437747979,Cordelia Mardee
Bogisich Inc,0324504055,Melva Vickerman
Cormier-King,6044350207,Deloris Ambroix
"Johns, Moore and Wehner",2634476329,Jolynn Snailham
"Kovacek, Krajcik and Kreiger",4650433231,Sigmund Pirt
"Berge, Windler and Ferry",6964684751,Lenee Elsegood
"Moen, Luettgen and Spinka",0485452057,Emmerich Shakle
Mayer LLC,9775465842,Rosaleen Morant
Kassulke-Mohr,3185882326,Karlik Gleaves
Streich-Stroman,6469584802,Russell Gentzsch
"Smith, Herzog and Rempel",1538308592,Antonino Normadell
Kirlin and Sons,2346845663,Monroe Kingzett
Green-Deckow,1282122460,Damian McHaffy
"Strosin, Morar and Brekke",2433874386,Lynnette Clampton
Kuhn Inc,2050095287,Tucky Nore
Boyer LLC,0221284729,Kendra Coopland
"Cole, Reinger and Stracke",9848209999,Kathleen Vannuccini
Carroll-Rempel,6344781718,Kirsteni Morling
"Schiller, Hyatt and Rolfson",7567867931,Burtie Yantsurev
Kassulke LLC,8280252347,Culver Advani
"Nitzsche, Runolfsson and Bradtke",7994173683,Lucia Kinneir
"Cummings, Zemlak and Cassin",0949128422,Cynthea Joint
"Flatley, Gerhold and Nicolas",1928395368,Carri Hudghton
Ledner-Witting,1343730007,Padriac Gallemore
Bruen LLC,2700654471,Joseph McAlarney
Satterfield-Rice,0196459044,Noby Brecknock
Yundt-Anderson,9367075839,Ashli Becket
"Bradtke, Jakubowski and Schmitt",6064133627,Virge MacInerney
"Homenick, Berge and Padberg",5634710219,Boigie Warrior
"Metz, Jacobs and Klocko",3308256819,Renie Braunter
Bauch Group,3907047966,Raoul Tomkys
Dicki LLC,0379211165,Tye Vye
Parisian-Donnelly,1240073461,Way Bavage
Nikolaus-Wisoky,7898017293,Orly Ruzicka
Marquardt Group,2611328811,Kalindi Arguile
"Mann, Muller and Bartell",7056760708,Jeromy Swyndley
Heidenreich-Johns,4234034428,Ali Rumming
"Blanda, Klocko and Robel",0505597144,Nicolas Timothy
Pfeffer LLC,7632813969,Sergio Borrow
Thiel LLC,5153780449,Annecorinne Stears
Abbott and Sons,7870710784,Garner Morfey
"Rosenbaum, Schmidt and Abbott",7356753197,Billy Ridout
Jaskolski-Cummings,0426237587,Rosalia Turford
Welch and Sons,7626239970,Frazer Makeswell
"Dickinson, Luettgen and Terry",7546979307,Niki Theaker
O'Keefe-Murazik,3375318383,Nanine Kitchingham
Terry Group,7562452423,Susi Lahiff
Johns Inc,5183311846,Pier Brokenshaw
"Spinka, McCullough and O'Kon",5102236695,Rolfe Bointon
Koelpin LLC,6648900024,Tiler Dibden
Wolf-Fritsch,6933799905,Marianna Turpie
Cormier-Kulas,5938656338,Pennie Gliddon
Kemmer-Gusikowski,7190714510,Elyssa Ollerhad
Erdman Inc,0713556579,Dave Bewsey
Schuppe and Sons,8757826072,Zulema Crocetto
Pollich-Schumm,8634665909,Rozanne Cajkler
Leannon-Kunde,7385053319,Jolie Newcome
Hudson-Bradtke,3202376950,Germaine Cridlon
"Lehner, Ankunding and Morar",1361919469,Brenn Learmond
Kuphal Inc,7256292627,Lexie Joppich
"Lind, Johnson and Jerde",4513608056,Haskell Rives
"Upton, Koepp and Padberg",7504333883,Bart Pettecrew
Farrell-Haag,1999618270,Martguerita Morrad
Mitchell LLC,6054656732,Loren Lippett
Weber-Willms,9057033178,Izaak Alty
"Weimann, Nitzsche and Kemmer",6143029962,Brandie Benbow
Mayert Inc,3511009057,Hagen Ashbe
Ullrich Group,8951250946,Leda Muttitt
"Mayer, Blanda and Stehr",6443193830,Karlik Marchetti
"Beatty, Hettinger and Tremblay",2530431019,John Domican
"Reilly, Lesch and Kunze",5783488488,Marsh Stuchbery
"Becker, Romaguera and Blanda",2551978637,Lianne Verick
Bauch-Bauch,6194167297,Bonny McGloughlin
"Kshlerin, Harvey and Schmitt",2133668268,Hyacintha Kinkead
"Hilll, Nader and Grant",5368433786,Glynda Dronsfield
"Prohaska, Ward and Lesch",5938300045,Caren Sharrocks
"Bartell, Marvin and Bahringer",5993792604,Aime Exter
Jacobson-Stanton,3085996060,Teador Oselton
Ritchie LLC,0813666724,Drugi Cullen
Bayer-Shields,0219220980,Henderson Baress
"Weber, Raynor and Ortiz",7647692747,Farrel Mingauld
Jacobson and Sons,8657670453,Kylen Bundy
Cremin Inc,3387543964,Marijn Boucher
"Dare, Leffler and Sanford",3288618192,Sandro Sullly
Boyle-Ankunding,1226386415,Rod Leith-Harvey
Volkman Group,6603948834,Jerrine Joseland
Williamson and Sons,3465979109,Scot Brandham
Kuhn-Pacocha,7494338101,Bran Marval
Bauch-Wilderman,2730032991,Abbey Kondrachenko
Jast-Quitzon,1650684436,Wynny Heigl
Walter-Wisoky,0511409206,Letizia Rennles
"Cremin, Cormier and Swift",6458586493,Sofie Geekie
"Yost, Barrows and Hyatt",5970654930,Pedro Radwell
"Ward, Dooley and Howell",5179164931,Boonie Derx
Crist-Ortiz,3094465072,Eldon Ballin
"Hayes, Paucek and Kilback",2884509038,Benedetta Scollan
Stamm Group,3656476896,Jermayne Jewis
Beahan and Sons,6949270534,Adelice Keppie
Kling-Weimann,5972327031,Wandis Segge
"Hudson, Hamill and Hodkiewicz",0288284194,Elbertine Corn
Schamberger-Muller,1332088988,Hyman Considine
O'Keefe Inc,4370413346,Ira McGivena
Bernhard Inc,6923911710,Miof mela Heikkinen
Deckow and Sons,0621770981,Gibbie Simeon
"Gislason, Hyatt and Schuster",0775171328,Drucill Blacket
"Watsica, Deckow and Mitchell",0425890937,Petronilla Rhubottom
Jacobson-Orn,9334411627,Sonnnie Greiswood
Wehner-Steuber,1960620703,Annabelle Lefley
Ernser-Grady,8569717334,Giffy Whiskin
"Ankunding, Howell and Hodkiewicz",8072062476,Darryl Clethro
Abernathy Group,2479491684,Amberly Govinlock
Kutch-Treutel,7091543335,Desdemona McAuliffe
Fritsch-Batz,9401795363,Micheal Tute
Schmidt-Reichert,6525920639,Lenard Rosendale
Jones and Sons,1637177771,Bryan Brende
"O'Hara, Goldner and Kilback",8381950503,Basilius Worthington
Fay-Jones,1161799362,Clair Gotthard.sf
Brakus Group,9669044863,Celeste Kernan
McLaughlin-Johnson,8182699754,Shaun Ilyin
Ruecker Group,5335373121,Gusty Sear
Treutel LLC,7814657415,Dorette Scullin
Zulauf-Renner,9703994938,Tessie Robbins
Boehm-Weber,2913315240,Margy McGreary
Shields-Bednar,1423254791,Hendrika Pipworth
Gibson and Sons,5238851553,Hodge Tarr
"Hodkiewicz, Kuvalis and Hahn",9946420090,Cornie Clara
Emmerich-Anderson,2936356423,Elladine Skeech
Schuster-Walter,4675101542,Hermine Dudderidge
Harris Inc,8873606148,Katy Itscowicz
Rempel-Mante,7767534995,Iver Goodlife
Keebler Inc,8001599965,Chrisy Lissandrini
Douglas-Daniel,3819329692,Gusella Waeland
"Keeling, Reinger and Bauch",9229356514,Launce Thompsett
O'Kon-Skiles,0446175072,Abbott Teml
Tremblay-Heaney,9256436817,Aldous Brinicombe
Kuvalis Group,3066092151,Willis Inchbald
"Heathcote, Weimann and Miller",6938044481,Dorian Allberry
Grady Group,7907407133,Elwood Hedgecock
Rempel-Upton,4535215146,Sonja Ripon
Hodkiewicz-Kuhlman,5862701435,Aloisia Gernier
"Gutkowski, Harvey and Rice",2767799552,Elisha Aspall
"Runte, Bailey and Flatley",8545061412,Raoul Mougin
"Kirlin, Grant and Kunde",9429750887,Fletch Pacht
Treutel LLC,2676618571,Ulrikaumeko Chastagnier
Davis Inc,9029973196,Alanna Kensit
Crist and Sons,8066330197,Emiline Horbart
Stiedemann Group,4110682592,Onfre Conway
"Hermiston, Koelpin and Cole",2411237537,Onfre Van
Langosh Group,5601916705,Arlina Brooker
Bosco-Thompson,0250231700,Aubree Bette
Hamill Group,3419122098,Maryjo Stych
"Bednar, Ondricka and Ziemann",6732587242,Evanne Moorey
Murazik-Strosin,6921505421,Letti Killeen
Wolff and Sons,0605282374,Jasmina Barthod
Wiegand-Pouros,2117276091,Laryssa Pietraszek
Bahringer-Mraz,6682674988,Carmela Escalero
Ankunding-Lebsack,7048868813,Octavius Sambedge
Beer Group,2270011449,Leonore Gout
Bernhard Inc,4449970063,Gennifer Younge
Kris Group,0877478325,Gav Crepin
"Witting, Lindgren and Schmitt",8443995742,Catlee Jump
Pfeffer-Champlin,5775050630,Hedvig Woolen
Heller-Rippin,9268249901,Alphonse Arthey
Kassulke LLC,5430551457,Pincas McGilleghole
Olson and Sons,1271705931,Filippo Morat
"Murazik, Deckow and Sawayn",1223672689,Bat Braunthal
Larkin and Sons,1036067270,Jan Drayn
"Beatty, Erdman and Kohler",7779975061,Dannye Pessold
Leuschke Group,8222361139,Mikel Gierok
Schulist Group,1967446326,Lisetta Simm
Kunde-Thiel,1739692047,Erny Wankling
Cremin LLC,9330369340,Cristionna Zeal
Kshlerin Inc,0764114557,Hewet Dumingos
"White, Abbott and VonRueden",5259377591,Leon Shackle
Gleichner Inc,6497675469,Kinnie Andrasch
Lemke-Nitzsche,2809123489,James Terrey
Mann-Watsica,5729542755,Obidiah Darte
"Walker, O'Hara and Moen",6166815476,Allx Juszczyk
"Abernathy, Reichel and Swaniawski",1304607399,Kacie Wyard
Rodriguez Group,2837748579,Colline Diamant
Kshlerin Group,6239711136,Veda Blachford
Bernhard-Gorczany,0006138780,Beatriz Esson
McClure Inc,5188568101,Amalie Lorking
Schmitt LLC,7192503274,Brandy Feltoe
Schroeder-Kuphal,2021622665,Terrie Huygen
"Berge, Jakubowski and McDermott",6163443705,Wolfie Sarfatti
"Beahan, Kertzmann and Ward",5851868619,Reina Kaasmann
Kuhlman-Leannon,7174073549,Tucky Meckiff
McLaughlin Inc,1097830535,Cornell Aasaf
Padberg Inc,2507247533,Marilyn Pactat
"Reichel, Reichert and Shanahan",5558651512,Rosalie Varley
Harris LLC,8483606844,Cullen Chessman
"Wisozk, Anderson and Schimmel",8534651957,Gordan Jarvis
Roob LLC,5909116452,Tracy Scothorn
Murray-Mante,1667898132,Ellis Lanfer
Parisian-Emmerich,5324248444,Humfrid Moreman
Schmidt-Volkman,2339681456,Kiersten Evason
Connelly and Sons,6411900582,Hallsy Joplin
Dach-O'Conner,1120737516,Kara-lynn Pilling
"DuBuque, Pfannerstill and Herzog",0925428361,Leonardo Stanmore
Block LLC,6989984651,Neile Bickerstaff
Bashirian-Connelly,1364798662,Bucky Houndsom
"O'Hara, Paucek and West",5533077715,Jere Bellas
Smitham Inc,1432373099,Pepe Tilson
"Dicki, Volkman and Kling",5278636149,Chrisy Rattry
"Stroman, Bernhard and Satterfield",2437706879,Crysta Lindner
Nikolaus LLC,5737560694,Sherrie Camlin
Gaylord Group,6730337664,Avril Kollatsch
Beer-Hand,3072030553,Sarge Allflatt
"Nader, Lebsack and Reilly",8522384096,Mirelle Ibbotson
Stiedemann-Oberbrunner,7266518229,Walden Lickess
Haag-Robel,5400899668,Bambie Da Costa
"Bechtelar, Gerlach and Crona",3508939480,Gal Strowger
Effertz-Nader,1694153215,Marlena Nare
Wiegand Group,0651814235,Mortie Neller
Walsh and Sons,3819408533,Reeva Skillington
Becker-Harris,5161039086,Morry Haborn
"Ebert, Lubowitz and Sanford",0708334725,Leann Nodin
Boyer-Rau,3701300909,Fionnula Massow
Tromp Group,6356045043,Stillmann Troker
Gleason-Marks,3832853499,Garret Mew
"Stehr, Hackett and Flatley",9675583010,Kaiser Podmore
Donnelly and Sons,5053817030,Duke Autry
Corwin-McDermott,7347028140,Elizabet Ramiro
Ortiz and Sons,3036906525,Evangelia Toplis
Hane-Williamson,3148014219,Timofei Plewes
Reilly Group,2918676705,Veradis Goalley
Lesch and Sons,5528026857,Raul Fibben
"Harber, Bartoletti and Bode",2796064816,Salvatore Elph
Adams-Price,3675768902,Ethel Abbyss
Marquardt and Sons,6604079872,Samuel Knobell
Harris Group,3350779921,Salvatore Stokey
"Huels, Gaylord and Weimann",4300275777,Adrianne Gloves
Rice and Sons,6556621277,Jaimie Harmar
Cole-Dach,2358255289,Lorelei Everil
"Mitchell, Lubowitz and Schulist",7066535480,Stepha Thorbon
Fay-Fadel,6665927784,Norma Harnett
Yundt Inc,9945728423,Dinah Fley
"Pacocha, Kuhlman and Ondricka",3231624827,Donelle Marciek
"O'Conner, Stiedemann and Kuphal",2120674574,Corene Willson
Bosco-Terry,8425827981,Loydie Conaboy
"Dickens, Schinner and Kling",8412881362,Grissel Bernot
"Green, Donnelly and Wuckert",9663668806,Kittie Lambol
Cormier-Shields,5107608663,Paxon Millam
Kreiger Group,5761803488,Debera Tadlow
"Stokes, Yundt and Bednar",3408718717,Gerrard Hobben
Spencer LLC,5605473212,Asia Fifoot
"Hegmann, Koepp and Gaylord",1766026982,Bobbye Stewartson
Herman LLC,5856183681,Coraline MacGuigan
"Hartmann, Kulas and Bailey",4079904452,Tedra Grealey
Batz Group,5366564018,Hali Plose
"Strosin, Bergstrom and Littel",5753844227,Eolande Pinkie
Rau-Hyatt,3457221839,Tamma Barehead
O'Kon LLC,3835576135,Meredith Vernay
"Zieme, Stehr and Brekke",8381160774,Anetta Buntin
Oberbrunner Inc,2376384346,Fritz Howles
Fritsch-Huel,9803257684,Miran Polotti
Becker-Thiel,7167097772,Roderich Conahy
"Hyatt, Kessler and Nicolas",1325428183,Tania Relph
"Wilderman, Gutkowski and Gleichner",7088901617,Hendrika Chumley
Koelpin LLC,7313066236,Heloise Grishaev
"Prohaska, Nitzsche and Hodkiewicz",9137286668,Timothea Collumbell
Grimes Group,0658563386,Griffy Thridgould
Hammes Group,8643739707,Simmonds Bisco
Turner-Stehr,8631499137,Sheffield Croall
Corwin and Sons,2056384477,Wittie Spivey
Nitzsche Inc,3288577038,Adelle Plain
Konopelski-Sauer,6912755534,Dedra Shoard
Bechtelar Inc,7047237933,Heindrick Dutchburn
Crona LLC,4506435958,Ferdinanda Borge
Witting Group,3215392216,Barbaraanne Atwater
Roberts Inc,0402554515,Babara Kinkead
Nader-Dietrich,6839631192,Karyn Remington
"Bayer, Wisozk and Jacobi",8551932322,Magdalen Whales
Tillman Group,4376474320,Francoise Janicek
Klein and Sons,8563187147,Norby Teideman
Ernser-Koch,3469413584,Bernardina Leinster
"Schinner, Flatley and Considine",7281628102,Sherye Donaghie
Glover-Braun,1682586146,Rand Neame
Balistreri-Nicolas,9911370305,Dick McGaughey
"Rodriguez, Rutherford and Hammes",0773122451,Jud Gallienne
"Huel, Johns and Johns",1508071411,Darelle Dominichelli
"Sipes, Bartell and Gottlieb",6813711881,Fredi Ricker
Herzog Group,7341367504,Catrina Dray
"Huels, Bode and Pfeffer",2104124875,Fawnia Vedenichev
"Rutherford, Lindgren and Welch",3962035931,Dorthea Scoines
"Sawayn, Jerde and Runte",6426511196,Glynis Maulkin
"Schulist, Kshlerin and Von",3378875992,Doyle Downton
"Hills, Oberbrunner and Hettinger",3976307629,Lesli Roddick
Corkery-Pagac,6024074514,Sisely Frantzen
Durgan-Leffler,7110590941,Elie Pickerin
"Spencer, Cummerata and Adams",6709702871,Konstantine Rennles
Greenholt-Kunde,1135456003,Alister Starkey
Pagac LLC,7796710348,Stephanie Snap
Leuschke Inc,8336003606,Erin Yemm
Rutherford-Aufderhar,3171721848,Antoine Caret
Runte and Sons,3492076335,Daniele Baynon
Abbott-Kling,8793699891,Marielle Houten
Romaguera LLC,8469779478,Silva Tasch
"Hickle, Lowe and McCullough",3008021301,Sianna Morrall
Torphy-Harvey,7632851046,Briny Grisewood
"Greenholt, Lowe and Kiehn",7874221184,Osborne Izkovicz
O'Keefe and Sons,3482932646,Brittan Celle
Oberbrunner-Shields,1462654142,Dody Duthy
Grady-Deckow,8576870479,Marice Lenoir
Pfeffer-Kuhic,4314338547,Silva Reid
O'Hara LLC,6984607299,Ulrick Elbourn
Hahn-Abbott,7706772349,Merrill Phare
"Block, Hahn and Haley",6091163485,Adrien Kean
"Langosh, Lebsack and Bradtke",1979304599,Anita Alvarado
"Rogahn, Pacocha and Pfeffer",8024589281,Gonzalo Haryngton
West LLC,6578103880,Oneida Onion
Bernhard LLC,0675460441,Phylys Diben
Marquardt-Corwin,6509738074,Binky Arton
Casper-Gutkowski,8908897194,June Mariolle
Torp and Sons,6598225981,Timmie Colthard
Wolf-Nienow,2863854402,Gabbie Izhaky
Bayer-Turcotte,1262598419,Emilie Petters
Huels-Fay,1692147870,Bobine Wyldes
Kertzmann-Grimes,7382650456,Dominique Rattrie
Stehr LLC,0598887415,Ronnie Hanbury-Brown
Farrell Group,0698726189,Willdon Dreossi
Frami-Halvorson,9919245534,Quinta Grimble
Parker and Sons,0460492276,Samaria Eliaz
Bahringer-Rohan,4239689511,Hilde Lemm
"Lueilwitz, Mraz and Daniel",7344639564,Nathanil Morphey
Bechtelar-Dach,7254944279,Dewitt Ivasechko
Dach-Kozey,2473490678,Mario Pirrey
Leffler-Bayer,1892862565,Bryon Haswall
"Cartwright, Hegmann and Torphy",0655024603,Isidro Skirrow
"Kreiger, Gusikowski and Mraz",4183938759,Ahmed Fareweather
"Torphy, Reilly and Sauer",3863055799,Virge MacGiany
"Schumm, Schowalter and Lakin",9436732570,Minda Scouller
"Huels, Sauer and Welch",3276686929,Row Bohan
Carroll LLC,9074262937,Granthem Lawton
Zboncak LLC,1244591718,Donnajean Britten
Carter-Wolf,6748330327,Shelley Spaducci
King Inc,6022835712,Antonia Bernath
Torphy Group,5323636157,Ceil Klainer
Christiansen-Hudson,9856834058,Babs Cholwell
Collins LLC,2566377480,Alard Tulk
"Muller, Schultz and Ernser",0186670362,Lezley Greenham
"Torp, Crona and Berge",5674245169,Carce Ganford
Wilkinson Group,6975764816,Ainslee Taffe
Weber Inc,7315939563,Barrie Witchell
"Johns, Murazik and Johns",7647634860,Catlin Ewbanche
"Lang, Balistreri and Baumbach",3400344834,Jozef Gianuzzi
"Koss, Volkman and Gutmann",6687953508,Calypso Jacqueme
Hammes-Nikolaus,7070550200,Tiler McCullagh
"Huel, Schamberger and Ernser",8028473687,Jenn Fosdyke
Emmerich-Kuhlman,3291197429,Doralyn Meader
Hoppe-Collier,5525387115,Cindy Syder
Pouros and Sons,9683796567,Finn Marcum
Veum Inc,1010933825,Dalis Ruskin
Bartoletti-Cummerata,1289097445,Karna Mewis
"Cruickshank, Vandervort and Schowalter",8667108405,Stephanus Hayes
Buckridge Group,4790905616,Garik Blamphin
"Wyman, Feest and Braun",7255824242,Melisa Fairham
Homenick LLC,9381425000,Marcella McTiernan
